1,Type.Guerrero,37.01092398265897,61.569622902824186,0.17287560241115688,150.0
1,Type.Guerrero,39.81555046650608,66.35217948074087,0.010606945153896423,150.0
1,Type.Guerrero,34.9090409982677,58.12935357737053,0.0785721296134519,150.0
1,Type.Guerrero,34.60279593952752,57.668313422865616,0.00451971452037024,149.99999999999997
1,Type.Guerrero,38.383476559917675,63.97051221852013,0.0029230720140001063,149.99999999999997
1,Type.Guerrero,34.88820919311331,57.7276324685665,0.6290742799335305,150.0
1,Type.Guerrero,41.22472157669996,68.70761881772475,0.00037571516278393655,149.99999999999994
1,Type.Guerrero,37.9138578341625,62.88653417904132,0.45484331684428314,150.0
1,Type.Guerrero,32.63710856179599,54.28868321025821,0.15974658910267533,149.99999999999997
1,Type.Guerrero,34.15381952175205,55.91488404517962,1.5122227366106984,150.0
1,Type.Guerrero,40.12316179470311,66.87090428787245,0.0015480549491012831,149.99999999999997
1,Type.Guerrero,31.028873033135127,51.514681675272875,0.30016006992850747,150.0
1,Type.Guerrero,39.71690668760007,66.19167873254528,0.004748620182267884,150.0
1,Type.Guerrero,40.48994950084454,67.4816950310633,0.0023312055164071586,149.99999999999994
1,Type.Guerrero,34.055875054433436,56.712731711455106,0.07059006890093972,150.0
1,Type.Guerrero,39.5424578993261,65.90282837437593,0.0019021867513650409,150.0
1,Type.Guerrero,35.52147371844626,58.79588921754597,0.609850469796708,150.0
1,Type.Guerrero,40.26549647742553,67.10743660286822,0.0025862892614896336,150.0
1,Type.Guerrero,37.606894851649805,62.671299499754575,0.010287879492656003,149.99999999999997
1,Type.Guerrero,32.80205191781192,54.52195409676962,0.22219864937538614,150.0
1,Type.Guerrero,30.046471709236428,49.66278348264663,0.6220040491211287,150.0
1,Type.Guerrero,39.12973667377223,65.2122625812646,0.005947812533676826,150.0
1,Type.Guerrero,33.26591647340634,55.25794168869395,0.2778786504749349,150.0
1,Type.Guerrero,31.47134265483332,51.16658856159108,1.9284737946966934,150.0
1,Type.Guerrero,30.282829516305224,50.468115669551494,0.004900286435814552,150.0
1,Type.Guerrero,38.4911392840825,64.03738706278409,0.17176761603011478,150.0
1,Type.Guerrero,40.9201140092758,68.19551278706089,0.007015842598166636,149.99999999999997
1,Type.Guerrero,33.53226169401359,55.87780486231099,0.013946941567497035,150.0
1,Type.Guerrero,39.77640983821992,66.29303283314039,0.0014753458392149025,150.0
1,Type.Guerrero,31.28042423421964,51.799743876894865,0.5014447702068133,150.0
1,Type.Guerrero,34.981266322656325,58.3014125487757,0.0010469834772706417,150.0
1,Type.Guerrero,34.89352422648271,58.06520689201444,0.13600022818511714,150.0
1,Type.Guerrero,40.774896472174234,67.95794719170377,0.0003203928799396668,150.0
1,Type.Guerrero,38.34289105357222,63.89658828579722,0.012345205234710187,150.0
1,Type.Guerrero,32.01139049961838,53.322875383490654,0.044163173809977356,150.0
1,Type.Guerrero,39.06726996518766,64.90769041684767,0.30663928769766485,150.0
1,Type.Guerrero,40.313782477301906,67.16316066297672,0.03971519878967394,150.0
1,Type.Guerrero,37.04973524868674,61.307134251639894,0.6636367442569958,149.99999999999997
1,Type.Guerrero,34.75667291688273,57.922966371739086,0.0072327345981989775,150.0
1,Type.Guerrero,33.804530699873865,56.28471847329527,0.08424903974175765,150.0
1,Type.Guerrero,32.6459941089211,53.237809929981935,1.758270377329864,150.0
1,Type.Guerrero,32.23519899571755,53.71550378443626,0.014741812639504906,149.99999999999997
1,Type.Guerrero,34.485050786926045,57.440191716400825,0.052339392713888835,150.0
1,Type.Guerrero,33.915174241074354,56.51896312279109,0.009490918499256385,149.99999999999997
1,Type.Guerrero,40.82875353055321,68.04754092988608,0.0005724315538959826,150.0
1,Type.Guerrero,32.45955577305307,53.91208989541449,0.2807545895109416,150.0
1,Type.Guerrero,38.48053383867006,63.81715778470608,0.4755979196160362,150.0
1,Type.Guerrero,40.40765657545473,67.34199148539955,0.0061542105375189966,149.99999999999997
1,Type.Guerrero,33.90496752765434,56.474524988981806,0.050631335663158666,150.0
1,Type.Guerrero,36.55736455870085,60.920855619346945,0.012127967731705417,149.99999999999997
1,Type.Guerrero,34.23814017684547,57.05179269827757,0.017661394697319987,150.0
1,Type.Guerrero,39.35177816655014,65.58007937163188,0.009326358927528778,150.0
1,Type.Guerrero,40.1150089059132,66.85408058563586,0.00640138632922906,150.0
1,Type.Guerrero,39.82881496410687,66.36939181137808,0.01794969320006098,149.99999999999997
1,Type.Guerrero,37.62521152024436,62.584891014315865,0.18569227913711914,150.0
1,Type.Guerrero,35.38915162483641,58.97790339674179,0.006023966978334912,149.99999999999997
1,Type.Guerrero,36.75896041935164,60.70549554176014,0.839157735738889,150.0
1,Type.Guerrero,40.9295817950673,68.21431608032924,0.00248036717439143,150.0
1,Type.Guerrero,38.906950100819714,64.84451776514918,0.0005986043255152749,150.0
1,Type.Guerrero,41.075740468222314,68.45852078423431,0.0015699942043379189,150.0
1,Type.Guerrero,34.13500185561193,56.82556476860709,0.09915748611921021,150.0
1,Type.Guerrero,35.306022148815615,58.84094601382442,0.0036363513023972677,150.0
1,Type.Guerrero,34.24923147085172,57.07529878684402,0.01013049686326463,150.0
1,Type.Guerrero,37.35599196260986,62.24683583434323,0.01972615500981278,150.0
1,Type.Guerrero,41.0526033671537,68.42045614300277,0.0008242033801137916,150.0
1,Type.Guerrero,38.53085406697018,64.2153584232126,0.004097532606539177,149.99999999999997
1,Type.Guerrero,35.228878424905204,58.71340684870059,0.0020857892121220333,149.99999999999997
1,Type.Guerrero,33.29413983512665,55.159256871412374,0.4964642806980573,150.0
1,Type.Guerrero,40.524182265063516,67.53995091954489,0.0005292833414625895,150.0
1,Type.Guerrero,39.52983275870098,65.84102866839625,0.06303889415808427,150.0
1,Type.Guerrero,41.11278064460576,68.5204776062011,0.0012352022127674381,150.0
1,Type.Guerrero,39.01301327758283,64.984147806961,0.05631148351555238,149.99999999999997
1,Type.Guerrero,39.487970062066914,65.80537309323039,0.011865515321719977,149.99999999999997
1,Type.Guerrero,34.70259623881683,57.8283924746882,0.013901885009770751,149.99999999999997
1,Type.Guerrero,31.955009023344054,53.223825952469305,0.05178362965618014,149.99999999999994
1,Type.Guerrero,41.15572664079911,68.59237625372754,0.0007522214064724253,150.0
1,Type.Guerrero,40.57616552835006,67.6188102433504,0.012198455849561642,149.99999999999997
1,Type.Guerrero,34.12675650599651,56.87130263186876,0.009937317188146036,150.0
1,Type.Guerrero,35.501700493031805,58.726485473125784,0.6645230228908395,150.0
1,Type.Guerrero,40.37189232457136,67.2801745475749,0.009468990066051196,150.0
1,Type.Guerrero,40.9244750594613,68.2053004092365,0.00323703479850644,150.0
1,Type.Guerrero,34.224409116463164,57.014845487944825,0.03875455924067464,150.0
1,Type.Guerrero,39.28372880599545,65.36553311170753,0.16102234742732885,150.0
1,Type.Guerrero,35.013615006569864,58.3421276903548,0.020845980892448372,149.99999999999997
1,Type.Guerrero,41.057212265086264,68.42749919769781,0.0017818661689403318,150.0
1,Type.Guerrero,33.64547977284825,54.881563266976784,1.7913545316554436,150.0
1,Type.Guerrero,40.95870626874064,68.26434788607517,0.00024384273884571383,149.99999999999997
1,Type.Guerrero,33.33422223969113,55.51994835514072,0.05563306651674333,150.0
1,Type.Guerrero,32.76509615240824,54.57780747529111,0.04602916808394122,150.0
1,Type.Guerrero,35.15722243894358,58.59215676136267,0.004820955314936282,150.0
1,Type.Guerrero,39.649945479732935,66.08014479879462,0.004646501140417103,150.0
1,Type.Guerrero,39.75354782810783,66.25169544754237,0.006326398956013239,150.0
1,Type.Guerrero,40.48200167272388,67.46119746984357,0.01320797704435803,150.0
1,Type.Guerrero,34.57340281390046,57.572864454845536,0.07421035248285594,150.0
1,Type.Guerrero,38.23896437256257,63.67351873260054,0.08713283250561084,150.0
1,Type.Guerrero,37.80361023264274,62.95094754179226,0.08260426891846541,150.0
1,Type.Guerrero,35.04178809042375,58.37633731489952,0.03996425371011016,150.0
1,Type.Guerrero,40.87103241218639,68.11609187132133,0.0034432234839700273,150.0
1,Type.Guerrero,40.64355389764812,67.73784388979387,0.00211890942948973,150.0
1,Type.Guerrero,38.27657246670411,63.76930284299831,0.03747690226282666,150.0
1,Type.Guerrero,40.91888343478604,68.19444844924325,0.00553591310021026,150.0
1,Type.Guerrero,41.2252006126602,68.70841771186414,0.00037496385428680907,149.99999999999997
1,Type.Guerrero,41.07213377594662,68.45001291890617,0.005315061507292619,150.0
1,Type.Guerrero,41.18972175396919,68.64909268725894,0.0006653540345563163,150.0
1,Type.Guerrero,41.219080384349866,68.69836441288057,0.00015434155381065275,150.0
1,Type.Guerrero,40.3665954373837,67.27237635212089,0.007924065277932785,150.0
1,Type.Guerrero,41.24926913173351,68.7487710551732,1.6246573995595795e-05,150.0
1,Type.Guerrero,37.50178478999025,62.488442030837206,0.021798928719817152,150.0
1,Type.Guerrero,40.5276581763381,67.54243455833492,0.0054936033428744,150.0
1,Type.Guerrero,40.86474030198253,68.10169026427734,0.009315358540325518,150.0
1,Type.Guerrero,40.87475485549983,68.11888811199833,0.008554970752094103,150.0
1,Type.Guerrero,41.14704564641575,68.5779996443731,0.0006146494797369044,149.99999999999997
1,Type.Guerrero,40.69916035579712,67.82961562638718,0.0034774499120310363,150.0
1,Type.Guerrero,33.87311892776268,56.41442694693342,0.06115689900657861,150.0
1,Type.Guerrero,39.54289058488097,65.88687110655766,0.026919802365938134,150.0
1,Type.Guerrero,41.24357935218339,68.73922610810587,0.00010921829966301769,149.99999999999997
1,Type.Guerrero,39.282390681069145,65.4705358758428,0.00017288890866853308,149.99999999999997
1,Type.Guerrero,41.07163216561533,68.45255241985159,0.0002517842609367191,150.0
1,Type.Guerrero,38.06095283867661,63.399687190546786,0.052851310871362474,150.0
1,Type.Guerrero,40.71069946335209,67.84971679545791,0.0021734651933732196,150.0
1,Type.Guerrero,40.627307267853816,67.71213287377441,6.88589729179825e-05,149.99999999999997
1,Type.Guerrero,41.253619049275784,68.75602330598039,1.2664218889903852e-05,150.0
1,Type.Guerrero,41.21144459774566,68.68520193568175,0.0008085908415389317,150.0
1,Type.Guerrero,40.72168935537566,67.86284259606991,0.009959494334289914,150.0
1,Type.Guerrero,41.04080938093755,68.40096459905897,0.000576553755442516,149.99999999999997
1,Type.Guerrero,35.512636945238285,59.187118818965544,0.0009141346473920802,150.0
1,Type.Guerrero,35.529061335889516,59.21447646090583,0.0009386483650452203,150.0
1,Type.Guerrero,35.55670257520494,59.261152445402296,2.7769908896516854e-05,149.99999999999994
1,Type.Guerrero,41.072444173275315,68.4536104478471,0.0006947614176396847,150.0
1,Type.Guerrero,40.796981590262874,67.98219103941291,0.01916741653780999,150.0
1,Type.Guerrero,35.55615232249497,59.260221810352256,4.809070903421277e-05,149.99999999999997
1,Type.Guerrero,35.2751464478253,58.7891985289164,0.004068326188651475,150.0
1,Type.Guerrero,33.53833030582594,55.86801040586232,0.04381015577135924,150.0
1,Type.Guerrero,38.8840602930833,64.79280215861077,0.02094749479210412,149.99999999999997
1,Type.Guerrero,38.13701979953,63.50123875289772,0.09069136947843692,150.0
1,Type.Guerrero,35.5425664245011,59.237423223921425,0.00028122537061675286,149.99999999999997
1,Type.Guerrero,40.73353169993017,67.8874920731955,0.0025911400321729197,150.0
1,Type.Guerrero,40.909916525162174,68.18192721202239,0.0019004948718505821,149.99999999999997
1,Type.Guerrero,35.544242850462574,59.240396842855944,1.1861872517104288e-05,149.99999999999997
1,Type.Guerrero,36.73212445955168,61.15174149148238,0.10269891165562224,150.0
1,Type.Guerrero,41.22825284666563,68.71373983391001,2.23657990620528e-05,150.0
1,Type.Guerrero,35.35206427339956,58.91689901800181,0.004812156496190613,149.99999999999997
1,Type.Guerrero,41.058751382807614,68.42848102530343,0.004156919063908594,150.0
1,Type.Guerrero,39.77250888610704,66.2853265276361,0.003282423813440595,149.99999999999997
1,Type.Guerrero,41.23350985932065,68.72247642691532,6.0007928641340674e-05,150.0
1,Type.Guerrero,40.784038857455336,67.97234732175315,0.0015761610086304334,150.0
1,Type.Guerrero,41.24858807615419,68.74761030585148,5.4731608255786994e-05,150.0
1,Type.Guerrero,40.30770284046614,67.17410837131034,0.008094544199839617,149.99999999999997
1,Type.Guerrero,41.067841743905355,68.44266737342828,0.005603299620969475,150.0
1,Type.Guerrero,40.975470261197145,68.28993980743849,0.0037659418351448093,149.99999999999997
1,Type.Guerrero,41.24980361778441,68.74966343004911,1.389938736922571e-05,149.99999999999997
1,Type.Guerrero,41.22335770347772,68.70553151438222,9.69871209613125e-05,150.0
1,Type.Guerrero,35.13341877085642,58.54116089020933,0.021805591827071216,149.99999999999997
1,Type.Guerrero,41.12833450867333,68.54545538507872,0.002653194065241423,149.99999999999997
1,Type.Guerrero,41.11029464322356,68.51551785823274,0.002459820709782811,150.0
1,Type.Guerrero,35.13518424048326,58.55232704283668,0.009470036953142705,150.0
1,Type.Guerrero,38.518053067718924,64.10985965620988,0.1303431849824926,150.0
1,Type.Guerrero,35.55526860576426,59.258716793743005,9.632379616362584e-05,150.0
1,Type.Guerrero,41.178559133811,68.6302138782899,0.001077017092673723,150.0
1,Type.Guerrero,39.65292727402028,66.06471378271968,0.035247510971182366,150.0
1,Type.Guerrero,41.22906960262109,68.71498136315519,0.0002019618199465057,149.99999999999997
1,Type.Guerrero,38.07388915802942,63.43898890341892,0.02623953994516178,149.99999999999997
1,Type.Guerrero,41.23182744855339,68.71966606391595,6.952550954580489e-05,149.99999999999997
1,Type.Guerrero,40.04196754996202,66.7252782017149,0.017001572332703843,149.99999999999997
1,Type.Guerrero,35.39433973668127,58.98995747427609,0.0009131302890418366,149.99999999999997
1,Type.Guerrero,40.89619231493796,68.15585886544125,0.006692489183047268,150.0
1,Type.Guerrero,41.188548667542854,68.6469911879207,0.000884886976083696,150.0
1,Type.Guerrero,41.2403490506722,68.73387609705243,5.848110186034855e-05,149.99999999999994
1,Type.Guerrero,35.54835312171525,59.24709125356293,0.0002459239437396852,150.0
1,Type.Guerrero,35.537056828602196,59.22831753436346,0.00016576996030876162,150.0
1,Type.Guerrero,35.387229836404465,58.97484863425543,0.005801639628024556,150.0
1,Type.Guerrero,38.6571132178946,64.409226226117,0.028943705560995143,150.0
1,Type.Guerrero,35.530568977342284,59.21727331830073,0.0005124659046197001,150.0
1,Type.Guerrero,41.240994934295884,68.734964233488,4.098550771359994e-05,150.0
1,Type.Guerrero,41.233388744402504,68.72222107002992,0.00014025596139129572,150.0
1,Type.Guerrero,35.472607087603485,59.1193040212704,0.0025616871031091263,150.0
1,Type.Guerrero,41.2256133760848,68.70930643173105,7.379261543280732e-05,149.99999999999997
1,Type.Guerrero,39.26834415839556,65.44628791952638,0.0014285166993174415,149.99999999999997
1,Type.Guerrero,41.234267093553996,68.723663511402,0.0001724667820017802,150.0
1,Type.Guerrero,41.246575958740685,68.74421433912488,0.00011838816439685765,149.99999999999997
1,Type.Guerrero,41.18870980728744,68.64668482944866,0.0017472740456020463,150.0
1,Type.Guerrero,35.45053633111259,59.08187301318067,0.003531308010466723,149.99999999999994
1,Type.Guerrero,39.30141339349665,65.4667437821668,0.05341781049143537,149.99999999999997
1,Type.Guerrero,35.507457375732734,59.17853668805378,0.0008384072511569648,149.99999999999997
1,Type.Guerrero,41.22134496134564,68.7020820951978,0.000239260567407076,150.0
1,Type.Guerrero,40.96787364534936,68.27918079552917,0.0009129200796413678,149.99999999999997
1,Type.Guerrero,41.08265739732585,68.46963038752548,0.0021979120264066687,150.0
1,Type.Guerrero,40.16109866498612,66.91796851525206,0.025793889587225182,150.0
1,Type.Guerrero,41.19079343588423,68.65111435866947,0.00031205170637746855,150.0
1,Type.Guerrero,41.19961107887525,68.66601846479209,0.0,149.99999999999997
1,Type.Guerrero,41.24312409366058,68.7384578077789,0.00012352248310069054,150.0
1,Type.Guerrero,41.068454265300865,68.44612187528226,0.0019528503287775958,150.0
1,Type.Guerrero,41.14122180318003,68.56798603654745,0.0010754531289045494,149.99999999999997
1,Type.Guerrero,41.228387618154635,68.71386778973272,0.00016736078752163476,150.0
1,Type.Guerrero,35.36769901199553,58.94508692436037,0.0016171434482867258,150.0
1,Type.Guerrero,35.531519976703194,59.21877261194333,0.0006410238429981762,149.99999999999997
1,Type.Guerrero,34.58868026482606,57.61622203018098,0.047367616793676966,149.99999999999997
1,Type.Guerrero,41.22767041926299,68.71258428314526,0.0002996234395943109,149.99999999999997
1,Type.Guerrero,41.10083973198763,68.50035621793091,0.0015650030726963447,149.99999999999997
1,Type.Guerrero,40.97896585182853,68.29672871571911,0.0023215559926565736,149.99999999999997
1,Type.Guerrero,40.77668114983021,67.9490916154567,0.018065451390484648,150.0
1,Type.Guerrero,41.16507677384562,68.60788231571325,0.000868461044161208,150.0
1,Type.Guerrero,40.77578939777384,67.94383824957778,0.02371612006793546,149.99999999999994
1,Type.Guerrero,35.55787147521343,59.26311767826121,2.1706417605290664e-06,150.0
1,Type.Guerrero,35.46347842772213,59.10340692742766,0.003585678163817884,150.0
1,Type.Guerrero,41.22181816507159,68.70289972379811,0.00019582698180779245,150.0
1,Type.Guerrero,41.21139937062113,68.6856634045032,3.31979801830197e-06,150.0
1,Type.Guerrero,41.10339441938786,68.50216799541754,0.005234055343337998,150.0
1,Type.Guerrero,41.25171877381025,68.75286344720583,1.7637168990387373e-06,149.99999999999997
1,Type.Guerrero,35.5516789169749,59.25272432931993,0.00011079845736487464,149.99999999999997
1,Type.Guerrero,35.553788685957976,59.25628769962264,4.0165460991367115e-05,149.99999999999997
1,Type.Guerrero,41.229543415141976,68.71558667158415,0.0004785304787194337,150.0
1,Type.Guerrero,35.5354826750696,59.22569800511922,0.00015967999517956625,150.0
1,Type.Guerrero,39.76271527517131,66.25432055987412,0.025307348117094536,150.0
1,Type.Guerrero,41.23945587485273,68.73240058780291,3.880542745806726e-05,150.0
1,Type.Guerrero,41.23074325447838,68.71776524421351,0.00021026987568749129,149.99999999999994
1,Type.Guerrero,41.182469622399104,68.63726562543754,0.00027561784146510205,149.99999999999997
1,Type.Guerrero,41.19934708642259,68.66550522601126,0.00010987703958480549,150.0
1,Type.Guerrero,41.222832332153395,68.70468538778147,5.274871128775525e-05,149.99999999999997
1,Type.Guerrero,41.185844929862796,68.64296068307972,0.00017130003740852554,149.99999999999997
1,Type.Guerrero,35.48784925734811,59.14622373086027,0.00028754707986615186,150.0
1,Type.Guerrero,35.539007742847126,59.231638143919795,6.214123812609815e-05,150.0
1,Type.Guerrero,41.185143325508726,68.64158920219069,0.00047451048579143126,150.0
1,Type.Guerrero,41.00354370846544,68.3321111070528,0.01069261058441772,150.0
1,Type.Guerrero,35.176619595848926,58.627085010178746,0.0009214743542093148,149.99999999999997
1,Type.Guerrero,41.1301988146037,68.54964147081822,0.0010348302819286998,149.99999999999997
1,Type.Guerrero,41.16467852137076,68.60714970033005,0.0009717529318245497,150.0
1,Type.Guerrero,35.50131510601186,59.16853740831051,0.00048165256387685184,150.0
1,Type.Guerrero,41.21854600829307,68.69704166421063,0.0008025244167355678,150.0
1,Type.Guerrero,35.460156649282226,59.09888228904691,0.0020681896351972782,149.99999999999997
1,Type.Guerrero,35.516494418530336,59.194139118936626,2.736792089979983e-05,150.0
1,Type.Guerrero,41.23587553614857,68.72622226412436,0.0003554441848933413,150.0
1,Type.Guerrero,41.20012316650816,68.66663245496227,0.00035923382700520383,150.0
1,Type.Guerrero,40.8884583373957,68.13484106957141,0.018884239132139668,149.99999999999997
1,Type.Guerrero,41.171250803464915,68.617730139031,0.0015318001157975099,149.99999999999997
1,Type.Guerrero,41.22189617544605,68.70313100927578,4.3924701463201145e-05,150.0
1,Type.Guerrero,41.23112876767195,68.71821466507998,0.000499921559902564,149.99999999999997
1,Type.Guerrero,35.50973905393289,59.182395011327344,0.0007551178412148501,150.0
1,Type.Guerrero,41.24310890323722,68.73850434834962,1.5735568616866768e-05,149.99999999999997
1,Type.Guerrero,41.182325645457794,68.63612312981628,0.0016294189200637141,150.0
1,Type.Guerrero,41.168275706432524,68.61317983936303,0.0009195070367615062,150.0
1,Type.Guerrero,40.859220033342964,68.0976974737844,0.0015038726808204008,149.99999999999997
1,Type.Guerrero,40.631604715824984,67.71609155723714,0.004874453706768232,150.0
1,Type.Guerrero,40.982752822238616,68.29565188138893,0.01340423351313427,149.99999999999997
1,Type.Guerrero,40.15698385150235,66.92444809072728,0.005787492664961447,150.0
1,Type.Guerrero,41.23747745277395,68.72895909748037,0.00025498571432196253,149.99999999999994
1,Type.Guerrero,41.237213451803335,68.72864982257852,5.889564056008345e-05,150.0
1,Type.Guerrero,41.16266978053124,68.60247862742985,0.002956510183330613,150.0
1,Type.Guerrero,41.24457469555934,68.74095644208494,2.0757709488850158e-06,149.99999999999997
1,Type.Guerrero,41.23208217147523,68.72002765834722,0.00016394116723607543,149.99999999999997
1,Type.Guerrero,41.179633198358154,68.63183183789816,0.0013352390481417,150.0
1,Type.Guerrero,35.09971985070626,58.48307354861957,0.024689303836281103,150.0
1,Type.Guerrero,35.52127136688264,59.20169407121383,0.000637310385852327,150.0
1,Type.Guerrero,41.07449283003454,68.45489752785264,0.00388578330741092,150.0
1,Type.Guerrero,41.19092412784386,68.651495243259,6.745472112500049e-05,149.99999999999997
1,Type.Guerrero,41.15790723425041,68.59634249543628,0.0002543424716220291,149.99999999999997
1,Type.Guerrero,35.52882411333074,59.21454928396671,0.00023635737680785442,150.0
1,Type.Guerrero,35.18731036511265,58.626797242249836,0.028080049406875078,149.99999999999997
1,Type.Guerrero,41.20438497889707,68.67371108176968,0.00039582458814441416,150.0
1,Type.Guerrero,41.18540427599517,68.6422311024712,0.0001640362811296783,149.99999999999997
1,Type.Guerrero,41.11908687748741,68.5296800142404,0.0031971723579355795,150.0
1,Type.Guerrero,35.54625267286826,59.24366418469411,0.00013540512948305856,150.0
1,Type.Guerrero,41.214528324563446,68.69050556872625,0.0005624583192394807,150.0
1,Type.Guerrero,35.53485960209041,59.22449190267889,0.00041115120767737915,149.99999999999994
1,Type.Guerrero,41.207863042348144,68.67882155087746,0.001425279554178613,150.0
1,Type.Guerrero,41.19996677721371,68.66638899198391,0.0003334550584141151,150.0
1,Type.Guerrero,41.11491156790795,68.52206136562327,0.004186871334985675,150.0
1,Type.Guerrero,41.184636671774385,68.64103600745518,3.766825319100769e-05,150.0
1,Type.Guerrero,41.24687693831773,68.74478500281121,1.4841577506651423e-05,149.99999999999997
1,Type.Guerrero,41.221430558757675,68.70232811414932,8.422567021164561e-05,150.0
1,Type.Guerrero,41.20974558938678,68.68269386101571,0.0003231819433887963,150.0
1,Type.Guerrero,34.26388954743263,57.09298176201013,0.020251225566384694,150.0
1,Type.Guerrero,35.54169960476458,59.23613889456525,4.067006357855062e-05,150.0
1,Type.Guerrero,35.53253127366944,59.220312587681214,0.0008593026517824556,149.99999999999994
1,Type.Guerrero,41.1709367958768,68.61772921857785,0.0007481618252255482,150.0
1,Type.Guerrero,41.222844186839595,68.70443144873029,0.0004632940035569361,150.0
1,Type.Guerrero,35.53304539992191,59.22133232965025,0.0006150053294029372,150.0
1,Type.Guerrero,40.96949416545182,68.27635797645446,0.009198448947863515,149.99999999999997
1,Type.Guerrero,41.03424187720405,68.38774530113474,0.003986741308019244,150.0
1,Type.Guerrero,41.184978295879425,68.64158485735206,6.845367048704977e-05,150.0
1,Type.Guerrero,41.11885388342076,68.52815975769454,0.00489507201009337,150.0
1,Type.Guerrero,41.188080631673216,68.64679865918998,3.5903980706502794e-06,150.0
1,Type.Guerrero,35.54745106036511,59.2456449124864,0.00016028218319380998,150.0
1,Type.Guerrero,41.17271517218211,68.62049589750096,0.0010440842038351881,150.0
1,Type.Guerrero,41.23292896103403,68.72146006604613,0.00013230351587126398,150.0
1,Type.Guerrero,41.23356858522278,68.72256358732587,7.608206814257257e-05,149.99999999999997
1,Type.Guerrero,35.53460488585506,59.22393461850425,0.0006102868812882604,150.0
1,Type.Guerrero,41.18195877369548,68.63578287687648,0.0012226189239825578,150.0
1,Type.Guerrero,41.21358762935405,68.68891059397063,0.0006031824291721166,150.0
1,Type.Guerrero,35.520696381303544,59.20110446254413,8.42594426839179e-05,149.99999999999997
1,Type.Guerrero,35.53622240152907,59.22696356783453,0.00011065207088598687,149.99999999999997
1,Type.Guerrero,41.160825987841854,68.5996799532443,0.002545039738166839,150.0
1,Type.Guerrero,40.57366919956149,67.6143134850217,0.012702771371183008,150.0
1,Type.Guerrero,40.97841828037678,68.29575243827843,0.002417043524320801,149.99999999999997
1,Type.Guerrero,41.05690391872423,68.42441384782346,0.005639025075378459,150.0
1,Type.Guerrero,41.21523298479541,68.69199391188639,9.15941589557326e-05,150.0
1,Type.Guerrero,41.21133283538566,68.68535499233228,0.00029959996574377667,150.0
1,Type.Guerrero,41.200183187521425,68.66653786305405,0.000651174222488404,150.0
1,Type.Guerrero,41.24287324820072,68.73811834541685,5.6023765274143575e-06,150.0
1,Type.Guerrero,41.20282684570148,68.67133921129313,5.829731402149471e-05,149.99999999999997
1,Type.Guerrero,41.16268372300382,68.60292727716079,0.0023183917683816356,150.0
1,Type.Guerrero,35.51968646217678,59.19897902451389,0.0007476186711167773,150.0
1,Type.Guerrero,41.22313649072737,68.7048460381423,0.0005721696049704576,149.99999999999997
1,Type.Guerrero,35.54273531184225,59.23777249848872,0.0001795318725429395,149.99999999999997
1,Type.Guerrero,41.22271303295143,68.70435668490455,0.00024755502175964833,150.0
1,Type.Guerrero,41.24879235060057,68.74797001417382,2.585524071211797e-05,150.0
1,Type.Guerrero,41.24170634266389,68.73613479957149,6.365730247836416e-05,150.0
1,Type.Guerrero,35.520881515946954,59.200514571148524,0.0014319331446171351,150.0
1,Type.Guerrero,41.23822184460939,68.73020073000059,0.00025351652260782585,150.0
1,Type.Guerrero,40.16958416204198,66.91994051295104,0.04404963567838407,150.0
1,Type.Guerrero,41.15048429970364,68.58256787703961,0.0023589336997079866,149.99999999999997
1,Type.Guerrero,41.22579052166453,68.70950449942909,0.0002195550176839449,149.99999999999997
1,Type.Guerrero,41.12954158137924,68.54906199470031,0.000260961397650314,150.0
1,Type.Guerrero,41.11024010377792,68.51406153664425,0.004507954478441319,150.0
1,Type.Guerrero,41.23372170992061,68.72286104640628,1.2705192092052054e-05,150.0
1,Type.Guerrero,41.24766392721173,68.74603646970934,0.00010511346532703477,150.0
1,Type.Guerrero,35.53432955933506,59.22323058108988,0.0009780267028456013,150.0
1,Type.Guerrero,41.17728813805027,68.62829373853029,0.0007797373302610115,149.99999999999997
1,Type.Guerrero,41.24464282745808,68.7409792468283,0.00013819840275240008,150.0
1,Type.Guerrero,41.23985719526335,68.7330169910169,0.00011750163301905541,150.0
1,Type.Guerrero,41.21899960412763,68.69803266160605,0.0004500179100101162,149.99999999999997
1,Type.Guerrero,41.24837113482067,68.74722962069711,8.340600600502542e-05,150.0
1,Type.Guerrero,41.0991827553667,68.49860874190996,4.377555179955888e-05,150.0
1,Type.Guerrero,41.13617080957079,68.55729779746572,0.004480327728407893,150.0
1,Type.Guerrero,35.54134774527427,59.235549387520415,4.5281905071808056e-05,150.0
1,Type.Guerrero,41.19663326948482,68.66074068403954,0.0004721476527420237,149.99999999999997
1,Type.Guerrero,41.211921018642144,68.68620789846916,0.000490698901621596,150.0
1,Type.Guerrero,35.527825625419254,59.2126064162584,0.0006544391605424198,150.0
1,Type.Guerrero,41.06273492613304,68.43378199059698,0.006164329437126067,149.99999999999997
1,Type.Guerrero,35.53109370627825,59.21822973893451,0.0003896572938547328,149.99999999999997
1,Type.Guerrero,41.24655604981205,68.74425487093485,7.818127848843168e-06,149.99999999999997
1,Type.Guerrero,35.53187500075004,59.219179903244765,0.0009176470079619632,150.0
1,Type.Guerrero,41.21970546144964,68.69916911609015,0.0005099794889041942,149.99999999999997
1,Type.Guerrero,41.2372448006524,68.72857288079257,0.00025268044214734985,150.0
1,Type.Guerrero,41.24903610828007,68.74838636789248,1.0718861453158339e-05,149.99999999999997
1,Type.Guerrero,41.08594199011796,68.4741061807142,0.0036957042235866754,149.99999999999997
1,Type.Guerrero,41.17163041167934,68.61887266780644,0.00076702748869369,149.99999999999997
1,Type.Guerrero,35.47763753931487,59.12740714779395,0.0029831265962560432,150.0
1,Type.Guerrero,41.152445050047575,68.58711832414198,0.0004351389059731772,150.0
1,Type.Guerrero,41.24108677162842,68.73510401911409,6.090039990477129e-05,150.0
1,Type.Guerrero,41.19149593121706,68.65214997118775,0.0005148712610220745,150.0
1,Type.Guerrero,35.510909125191404,59.18464719601032,0.0003020189630293511,149.99999999999997
1,Type.Guerrero,41.215264608798265,68.69208789347675,2.9681780538548287e-05,149.99999999999997
1,Type.Guerrero,41.23769598071776,68.72940562710727,0.00013151113349769313,150.0
1,Type.Guerrero,35.5403634221315,59.23386269906487,0.00011450673144043409,150.0
1,Type.Guerrero,41.229083231822514,68.71503777222414,0.00015142122007862609,150.0
1,Type.Guerrero,41.18003181877963,68.63331537800129,0.00010647994716048863,150.0
1,Type.Guerrero,41.08364614991552,68.47105417004101,0.0025341197272866923,150.0
1,Type.Guerrero,35.55358121980827,59.25590600835748,9.403698447127787e-05,150.0
1,Type.Guerrero,35.52758360492568,59.21208440926758,0.0008323984128346194,149.99999999999997
1,Type.Guerrero,35.53085452914183,59.217800645058404,0.000435355266958654,150.0
1,Type.Guerrero,41.21021383994874,68.68331883131188,0.0005563529040489131,149.99999999999997
1,Type.Guerrero,41.22330597998359,68.70500838179535,0.000752377265960028,150.0
1,Type.Guerrero,41.227901635178554,68.71279593611389,0.0005601837755385594,149.99999999999997
1,Type.Guerrero,41.156713450733655,68.5941396278961,0.0005741849899866019,149.99999999999997
1,Type.Guerrero,35.527272354469204,59.21184868879924,0.0004078529741433151,150.0
1,Type.Guerrero,41.23420341702119,68.72360173464416,0.00010594058673001538,150.0
1,Type.Guerrero,35.54131951686382,59.23546170383607,0.00010623640544454799,150.0
1,Type.Guerrero,41.21830846847309,68.69693495521624,0.0003687383583630332,150.0
1,Type.Guerrero,35.53665966329879,59.22750157604681,0.00039679417676113867,149.99999999999997
1,Type.Guerrero,35.49197109307268,59.15197477444753,0.001965571010402991,149.99999999999997
1,Type.Guerrero,41.232076566609535,68.72007158320218,8.404172057229136e-05,150.0
1,Type.Guerrero,41.24793888478229,68.74654901054579,2.3696137046722005e-05,149.99999999999997
1,Type.Guerrero,35.52388855801684,59.205777230447914,0.0010555493702313172,150.0
1,Type.Guerrero,41.22331015228509,68.70541552638812,0.00015209113053364935,149.99999999999997
1,Type.Guerrero,35.55621012020282,59.26034952000773,1.0204954525486555e-06,150.0
1,Type.Guerrero,41.22078412674354,68.70128007910685,4.019819855763711e-05,150.0
1,Type.Guerrero,41.20361580199837,68.67213811928421,0.0008323260695922085,149.99999999999997
1,Type.Guerrero,41.22649583806466,68.71063233087834,0.00029109884413877304,149.99999999999997
1,Type.Guerrero,41.21994298114317,68.6997862979842,0.00017800588161725523,150.0
1,Type.Guerrero,41.18788655966994,68.6459296345572,0.0008219473390459745,150.0
1,Type.Guerrero,41.23379436042744,68.72296134129681,4.388912338599983e-05,150.0
1,Type.Guerrero,41.09387091311631,68.48885953457403,0.001387980929735084,150.0
1,Type.Guerrero,35.523903101314296,59.20593938732752,0.000848672294463531,150.0
1,Type.Guerrero,41.22436026976312,68.70715883939002,0.00016241532277901457,150.0
1,Type.Guerrero,35.52927320424872,59.21518367904593,0.00040749205290291097,149.99999999999997
1,Type.Guerrero,41.23191095726124,68.71981465660345,5.540824793770292e-05,149.99999999999994
1,Type.Guerrero,41.23222451910162,68.72028755335435,0.00012996772252590956,150.0
1,Type.Guerrero,41.17793670508844,68.62942861432592,0.0006988412322203341,149.99999999999994
1,Type.Guerrero,35.52681187419013,59.21084742579767,0.0007585467788328124,150.0
1,Type.Guerrero,35.54658677072824,59.24415345116676,0.00023675007047038247,149.99999999999997
1,Type.Guerrero,41.25148192867358,68.75246743215497,3.673451475453389e-06,149.99999999999997
1,Type.Guerrero,35.538168682679284,59.230108852694606,0.00025842765630165157,149.99999999999997
1,Type.Guerrero,41.22740705684159,68.71223266861647,0.00016863917927829313,149.99999999999997
1,Type.Guerrero,41.02899266693336,68.37977508393432,0.0028190414319370625,150.0
1,Type.Guerrero,41.25198401349696,68.75329746979395,1.3829051469891697e-05,150.0
1,Type.Guerrero,40.94952168521773,68.24373360358362,0.008203807668912795,149.99999999999997
1,Type.Guerrero,40.75983165525737,67.93192019023445,0.0016988527917609804,150.0
1,Type.Guerrero,41.201263652019776,68.66836019283274,0.0006188408003403762,149.99999999999997
1,Type.Guerrero,41.202336578266944,68.67047642166354,0.0001268131720530351,149.99999999999997
1,Type.Guerrero,41.21574856343616,68.69281814921024,0.00014418477503641027,149.99999999999997
1,Type.Guerrero,41.187288259028165,68.64526653295243,0.0003208481417550863,150.0
1,Type.Guerrero,41.17086767997953,68.617248941413,0.0012957878293448652,149.99999999999997
1,Type.Guerrero,40.94868457054426,68.24321169028818,0.006893890928393032,149.99999999999997
1,Type.Guerrero,35.520159273987,59.19963376062297,0.0009475440330315422,150.0
1,Type.Guerrero,35.484185551411855,59.13969322263762,0.0009240445732075058,150.0
1,Type.Guerrero,41.18903435761245,68.64812083036063,0.0004046484901760823,149.99999999999997
1,Type.Guerrero,40.983714300369826,68.30004346438803,0.009220554342538725,150.0
1,Type.Guerrero,35.54723506163936,59.2453541852592,5.637620959639408e-05,150.0
1,Type.Guerrero,41.249430630840855,68.74904952069636,2.296057599087969e-06,150.0
1,Type.Guerrero,41.23632523615758,68.7271822650409,3.969283260767644e-05,149.99999999999997
1,Type.Guerrero,41.249059935206716,68.74839783747889,5.308179845332257e-05,150.0
1,Type.Guerrero,35.54537797305118,59.24227941227532,2.581421498677826e-05,149.99999999999997
1,Type.Guerrero,41.02956289157236,68.37736876671845,0.007854078853236308,150.0
1,Type.Guerrero,41.21410635140184,68.69004004134142,0.00020581649247102912,149.99999999999997
1,Type.Guerrero,41.14094253199855,68.56822585342883,1.7549853134009724e-05,150.0
1,Type.Guerrero,41.130455061804035,68.54918768553301,0.0023561262105807126,150.0
1,Type.Guerrero,41.24743537779709,68.74571482137856,1.6212424894587647e-05,149.99999999999997
1,Type.Guerrero,35.434067284432075,59.05528192559828,0.0022453226827693867,150.0
1,Type.Guerrero,41.22558718750603,68.70917662194445,0.00020303584840260333,149.99999999999997
1,Type.Guerrero,35.54331830660504,59.238778595485286,0.00012787328467181615,149.99999999999997
1,Type.Guerrero,41.25012415628408,68.75015530343312,7.743556052758579e-05,149.99999999999997
1,Type.Guerrero,40.997381798538186,68.31931079346259,0.014488306151579372,150.0
1,Type.Guerrero,41.23087138486329,68.71807471052493,6.639637083719595e-05,149.99999999999997
1,Type.Guerrero,41.186076985408434,68.64309514631576,0.0005497440474658019,150.0
1,Type.Guerrero,41.23986811222888,68.73310923969669,6.421027173936595e-06,150.0
1,Type.Guerrero,41.185940732798585,68.64270126820294,0.0007999296920552381,150.0
1,Type.Guerrero,35.53687566773193,59.22780042034468,0.0004885388128071087,150.0
1,Type.Guerrero,41.229596851376265,68.71597879287069,2.3939134637271522e-05,150.0
1,Type.Guerrero,35.556299304601275,59.260494498842206,6.513239880733537e-06,149.99999999999997
1,Type.Guerrero,35.5359667616819,59.22646845209868,0.00021422605672716087,150.0
1,Type.Guerrero,41.19722659789218,68.66130487642886,0.0011091800871784682,150.0
1,Type.Guerrero,41.21126580883363,68.68514969591953,0.0004399782047779218,150.0
1,Type.Guerrero,35.53929566467254,59.23204835768207,0.00016662515823222048,150.0
1,Type.Guerrero,41.15297045490321,68.58640880084847,0.0028129359853187644,150.0
1,Type.Guerrero,41.20957977525334,68.68193430042541,0.0010479874952299096,150.0
1,Type.Guerrero,35.434498844893106,59.055916860810996,0.0023718210162824633,149.99999999999997
1,Type.Guerrero,35.5412069519676,59.23505087435895,0.0004410683805978721,149.99999999999997
1,Type.Guerrero,41.18353567714251,68.63882562091536,0.000600761483238871,149.99999999999997
1,Type.Guerrero,41.2287743096835,68.71422149157739,0.0006035368426634704,149.99999999999997
1,Type.Guerrero,41.2110193856636,68.68462359346775,0.0006130739573830815,150.0
1,Type.Guerrero,41.23210563826377,68.72014878582675,4.091691928570943e-05,149.99999999999997
1,Type.Guerrero,41.18046576174472,68.6335143428694,0.0008928900576888853,150.0
1,Type.Guerrero,41.18546198927891,68.64204466226785,0.000587979795521664,150.0
1,Type.Guerrero,41.199588307992094,68.66504743176112,0.0013996223385676562,149.99999999999997
1,Type.Guerrero,41.2254361428017,68.70869254592267,0.0005515381202333766,150.0
1,Type.Guerrero,41.22233398590166,68.70371199463594,0.00026697280026404235,150.0
1,Type.Guerrero,41.1971952656927,68.661653018866,0.0005086359327559168,150.0
1,Type.Guerrero,35.53855748575729,59.23067247730518,0.00038499843545778116,149.99999999999997
1,Type.Guerrero,41.24984374544538,68.74971794474396,3.244649749906353e-05,149.99999999999997
1,Type.Guerrero,35.49519028088401,59.15858418561406,9.942378893891962e-05,150.0
1,Type.Guerrero,41.239408520627244,68.73221605654962,0.00019721674367495972,149.99999999999997
1,Type.Guerrero,41.21502109225308,68.69135565563688,0.0005192471773765883,150.0
1,Type.Guerrero,41.252966984109314,68.75492173455606,3.485843919882538e-05,149.99999999999997
1,Type.Guerrero,41.24043889457758,68.73399108559589,0.00011060805011842466,149.99999999999997
1,Type.Guerrero,41.242251716878116,68.73695732914072,0.00019329848419825688,149.99999999999997
1,Type.Guerrero,35.54452100130975,59.24069365847043,0.00026201556872483637,149.99999999999997
1,Type.Guerrero,41.189082072200165,68.64751639709148,0.0014305848631954536,149.99999999999997
1,Type.Guerrero,35.55300433108129,59.25495758104463,7.445613628370286e-05,150.0
1,Type.Guerrero,41.216756406870836,68.69453395169432,9.00896356140508e-05,150.0
1,Type.Guerrero,35.53967622145794,59.23244582787315,0.0005218118351364114,150.0
1,Type.Guerrero,41.220896390251596,68.70133019594887,0.0002456817056831356,150.0
1,Type.Guerrero,41.05148995147566,68.41464649362257,0.006755138255287222,150.0
1,Type.Guerrero,41.21423207352891,68.69012800884396,0.00038817055635370694,150.0
1,Type.Guerrero,41.23782675908372,68.72968085753601,4.561140529051199e-05,149.99999999999997
1,Type.Guerrero,35.52460385624407,59.207324248462776,0.0005232679160197515,149.99999999999997
1,Type.Guerrero,35.544916617152445,59.241515662667744,1.8048879488064523e-05,149.99999999999994
1,Type.Guerrero,41.20229190401325,68.67028032638326,0.0003092704582427969,149.99999999999997
1,Type.Guerrero,41.18704872928646,68.64466170430134,0.0006292667641307655,150.0
1,Type.Guerrero,41.08264385008897,68.46799789999926,0.004612775223529156,149.99999999999997
1,Type.Guerrero,35.51545492351485,59.19223653287093,0.00028250948074160377,150.0
1,Type.Guerrero,35.54192478014817,59.23623449973941,0.000460200761318989,150.0
1,Type.Guerrero,35.53411918351421,59.22327852089199,0.0003801774475383933,149.99999999999997
1,Type.Guerrero,41.10092782880606,68.49897356566048,0.0038592235244255353,149.99999999999997
1,Type.Guerrero,35.53712380042168,59.2284221293074,0.00017630709311641896,149.99999999999997
1,Type.Guerrero,41.20707425148835,68.67756943864897,0.0013314707474248618,150.0
1,Type.Guerrero,41.214785388922834,68.69095477917352,0.0005313035468067539,149.99999999999997
1,Type.Guerrero,41.2511623890055,68.75189074934765,6.984849226137519e-05,150.0
1,Type.Guerrero,41.2457577894695,68.74288225852997,7.108587879680596e-05,150.0
1,Type.Guerrero,41.2369086560711,68.7280526341827,0.00019268890368769818,150.0
1,Type.Guerrero,41.19839952183664,68.66377746400015,0.00033260859138194637,150.0
1,Type.Guerrero,41.25243518998487,68.75405522472326,5.13787728594199e-06,150.0
1,Type.Guerrero,35.52731223649281,59.21176985200753,0.0006258132207468126,149.99999999999997
1,Type.Guerrero,41.2072993923781,68.67859805496828,0.00035139849283507294,150.0
1,Type.Guerrero,41.20469818343079,68.67437759189494,0.00017907073457509891,150.0
1,Type.Guerrero,41.24271391784179,68.73785474952517,2.6703167269897855e-06,150.0
1,Type.Guerrero,41.16400294768838,68.6059541984911,0.0010760714842979757,150.0
1,Type.Guerrero,41.24504579950431,68.74169349141474,7.426163866427477e-05,150.0
1,Type.Guerrero,41.1934804582263,68.65577446324669,3.9450695716626375e-05,150.0
1,Type.Guerrero,41.193232501514984,68.65484475728802,0.0008141178554487403,150.0
1,Type.Guerrero,41.197988882182685,68.66313785547253,0.0002654222479346145,150.0
1,Type.Guerrero,41.231684538102805,68.71942780361773,6.963983041933151e-05,150.0
1,Type.Guerrero,41.207335328887694,68.67822621301212,0.000999002701055987,150.0
1,Type.Guerrero,41.22140331359173,68.70230002824376,5.824161369269094e-05,150.0
1,Type.Guerrero,41.217567909413354,68.6959319901835,2.178825814964153e-05,149.99999999999997
1,Type.Guerrero,41.22963191729049,68.71587319388209,0.00027000240309906425,150.0
1,Type.Guerrero,41.23423081133465,68.72345655105673,0.00039220175153549205,150.0
1,Type.Guerrero,41.24542978693421,68.7423373850446,6.838976862455575e-05,150.0
1,Type.Guerrero,41.18232405728283,68.6360699099786,0.0017052782391603794,150.0
1,Type.Guerrero,41.20704722200851,68.67817177016993,0.00036039976640819625,150.0
1,Type.Guerrero,41.24135172685965,68.73548091363558,0.00015794669574339625,149.99999999999997
1,Type.Guerrero,41.226647594164255,68.71067072100502,0.0006129039031230206,150.0
1,Type.Guerrero,41.214737493652386,68.69119502412929,5.119793702899639e-05,150.0
1,Type.Guerrero,41.09005714289923,68.48210733903562,0.001981848694635024,150.0
1,Type.Guerrero,35.55201317900479,59.2532107225691,0.0002168636583206278,150.0
1,Type.Guerrero,35.53202946896182,59.219883732765275,0.00024807325663368573,149.99999999999997
1,Type.Guerrero,41.23630875892868,68.72712587287575,8.308800808808637e-05,149.99999999999997
1,Type.Guerrero,41.251422232903735,68.75236351848291,1.030453498400666e-05,150.0
1,Type.Guerrero,41.130679286476195,68.54857048506827,0.00384248858809766,150.0
1,Type.Guerrero,40.9524942957523,68.24883101110281,0.00798922272653514,150.0
1,Type.Guerrero,41.2447792903894,68.74120194719343,0.00014530518336993597,150.0
1,Type.Guerrero,41.21815697312586,68.6968399109181,0.00013256643749289047,150.0
1,Type.Guerrero,41.07288940138273,68.45141854198197,0.005095690483886601,150.0
1,Type.Guerrero,35.5399545560555,59.23280032283744,0.0006859058825883231,150.0
1,Type.Guerrero,41.185397041512765,68.64203842969792,0.0004349592350308484,149.99999999999997
1,Type.Guerrero,41.25535766355149,68.75892590136706,5.306828140024635e-06,150.0
1,Type.Guerrero,41.166450168746444,68.6099487724427,0.0012022632020683944,150.0
1,Type.Guerrero,41.08895242648403,68.48104291046509,0.000816700512418661,150.0
1,Type.Guerrero,41.01940196805356,68.35923500892598,0.009652406744917977,150.0
1,Type.Guerrero,40.83115183023875,68.04883943960753,0.004620416185583341,149.99999999999997
1,Type.Guerrero,41.237811777751844,68.72963206315596,8.134964566375362e-05,149.99999999999997
1,Type.Guerrero,41.190549999099915,68.64973315140715,0.0017752706390664539,150.0
1,Type.Guerrero,41.23492943794665,68.72467568858137,0.00031006199456797223,150.0
1,Type.Guerrero,41.21021840864718,68.68318784092978,0.0007642602232781156,150.0
1,Type.Guerrero,41.18413433952048,68.63964895624933,0.0008624144272128493,150.0
1,Type.Guerrero,41.23460363296565,68.72428630476203,7.962527108532705e-05,149.99999999999997
1,Type.Guerrero,35.490613564505,59.148775261078676,0.003371019644475606,150.0
1,Type.Guerrero,35.54081009228268,59.234397079603916,0.0004296113008530268,149.99999999999997
1,Type.Guerrero,41.21043137080434,68.68394915906941,0.00015468840674739027,150.0
1,Type.Guerrero,41.23176983736819,68.71957758055845,5.822258281325157e-05,149.99999999999997
1,Type.Guerrero,41.24217560649502,68.73693728158628,3.3093858129249635e-05,150.0
1,Type.Guerrero,41.16910714336885,68.61391614464704,0.0018936414515751778,150.0
1,Type.Guerrero,41.2115348840972,68.68559597615304,0.0004432460134377597,150.0
1,Type.Guerrero,41.22886095462804,68.71449202872162,0.0004143434876671857,150.0
1,Type.Guerrero,41.23359726294854,68.72249983668199,0.00024340234838315534,150.0
1,Type.Guerrero,41.19080764869239,68.6501820710621,0.0017460151378184598,150.0
1,Type.Guerrero,41.24171605825911,68.73617641049483,2.5529905520872538e-05,150.0
1,Type.Guerrero,41.206541265735474,68.67735288460753,0.0003238374273933632,149.99999999999994
1,Type.Guerrero,41.23121550883178,68.71865331119854,5.8805281651528275e-05,150.0
1,Type.Guerrero,35.5269553221531,59.21134029981123,0.00037785566590494714,150.0
1,Type.Guerrero,41.234631971433096,68.72429446000169,0.00013823858020393625,150.0
1,Type.Guerrero,35.5249413349,59.207587208511406,0.0009725244829026908,149.99999999999994
1,Type.Guerrero,35.5431739339359,59.23852532843527,0.00014684218683077673,149.99999999999997
1,Type.Guerrero,35.549717356715625,59.249515114336965,2.0720283619169906e-05,149.99999999999997
1,Type.Guerrero,41.24902082568764,68.74835622062123,1.7733287247012974e-05,150.0
1,Type.Guerrero,41.21661338141468,68.69367873564553,0.0010153500684123352,150.0
1,Type.Guerrero,35.53096352050339,59.217582927221265,0.0010344104265716046,149.99999999999997
1,Type.Guerrero,41.204684040882086,68.67390574885792,0.0008514789183500849,150.0
1,Type.Guerrero,41.227002729121935,68.71158701296432,0.00012630335837427042,150.0
1,Type.Guerrero,41.23291043084649,68.72134551602981,0.0002578030714994416,150.0
1,Type.Guerrero,41.17515086625689,68.6249033960243,0.0005220716057793788,150.0
1,Type.Guerrero,41.23187538253862,68.71973259218537,8.956806850025601e-05,150.0
1,Type.Guerrero,41.23664321281891,68.7276339522319,0.00015710369944339406,150.0
1,Type.Guerrero,41.191627845236575,68.65225909531786,0.0006809701146411398,150.0
1,Type.Guerrero,35.547677671149614,59.246124458658066,7.489886938194409e-06,150.0
1,Type.Guerrero,35.476510935474046,59.12689213279984,0.0009391394853668065,150.0
1,Type.Guerrero,35.54056236510985,59.23416884312055,0.00015264809380273565,150.0
1,Type.Guerrero,41.142928246919794,68.57103997856062,0.000760649458558417,150.0
1,Type.Guerrero,41.08859733006149,68.47749380191901,0.005252622275214906,150.0
1,Type.Guerrero,41.165141999379216,68.60795222855728,0.0009266556121160587,150.0
1,Type.Guerrero,35.54924323200596,59.248710240708824,4.271895167897436e-05,150.0
1,Type.Guerrero,35.531610032021554,59.21867418597408,0.0010138010927639252,150.0
1,Type.Guerrero,35.55777270104122,59.26293513864106,2.9044641464228064e-05,149.99999999999994
1,Type.Guerrero,41.248549112355654,68.74754775694518,5.114547135169833e-05,149.99999999999997
1,Type.Guerrero,41.2321871053486,68.72009575886393,0.00032412507559818356,150.0
1,Type.Guerrero,35.52143643425803,59.20160821120179,0.0011787688423959505,150.0
1,Type.Guerrero,41.22630257848746,68.710278758207,0.0003383089081592553,149.99999999999997
1,Type.Guerrero,41.22639532289456,68.71052224532937,0.00020493924233786078,149.99999999999997
1,Type.Guerrero,35.544712135786156,59.24100831141482,0.0002678723431747562,150.0
1,Type.Guerrero,35.526421052031665,59.21061457894141,0.0001307616670611074,149.99999999999997
1,Type.Guerrero,35.551500494326056,59.252466063455095,5.214063249872523e-05,150.0
1,Type.Guerrero,41.20370897653378,68.67279666877008,7.743817935973721e-05,150.0
1,Type.Guerrero,41.227969894922765,68.71296152730525,0.0004824463490375096,150.0
1,Type.Guerrero,41.243395950041965,68.73891907709033,0.00011125946942773754,150.0
1,Type.Guerrero,41.244162875312526,68.74017881181597,0.00013897055736406617,149.99999999999997
1,Type.Guerrero,41.24208235844798,68.7367993760708,6.832013747450959e-06,150.0
1,Type.Guerrero,41.18792479917055,68.64643095041758,0.0001655723000175862,150.0
1,Type.Guerrero,35.52716444419576,59.211267581986036,0.0010097375103471108,150.0
1,Type.Guerrero,41.239054719356574,68.73170243396922,8.314743760364934e-05,150.0
1,Type.Guerrero,41.21946838206033,68.69905045528017,9.527223056131084e-05,150.0
1,Type.Guerrero,41.24779040138418,68.74626660937685,7.60893951698546e-05,149.99999999999997
1,Type.Guerrero,41.19350600196211,68.6552681153291,0.0008628319116368963,149.99999999999997
1,Type.Guerrero,41.23106746357009,68.71837617576115,0.00010439528351034441,149.99999999999997
1,Type.Guerrero,41.2330935502454,68.72170832573143,0.00017138701637124486,149.99999999999997
1,Type.Guerrero,41.24117784104515,68.73518118737759,0.00017282154649207108,150.0
1,Type.Guerrero,41.23244172748547,68.72068967038176,6.981314105310583e-05,150.0
1,Type.Guerrero,41.196051387123404,68.6597433433311,0.0005134528118599637,150.0
1,Type.Guerrero,41.20642042649598,68.67698217568551,0.0005778027116785934,150.0
1,Type.Guerrero,41.236314287892796,68.7270288775909,0.0002424033456456342,149.99999999999997
1,Type.Guerrero,41.22295100544185,68.7047497619285,0.000252870711883174,150.0
1,Type.Guerrero,35.50900191123715,59.18035648199361,0.0019700551024678424,149.99999999999994
1,Type.Guerrero,41.20210047357781,68.66994161898953,0.00033875546023628934,150.0
1,Type.Guerrero,41.249878923724886,68.74977515367482,3.457879997495436e-05,150.0
1,Type.Guerrero,41.23921250962035,68.73200082040117,3.004344912994396e-05,150.0
1,Type.Guerrero,41.207185906650544,68.67836756720988,0.00041341581155060725,150.0
1,Type.Guerrero,41.247289345888596,68.74543603347237,6.931451293017817e-05,149.99999999999997
1,Type.Guerrero,41.14163816411735,68.56875249256933,0.000966671439395431,150.0
1,Type.Guerrero,41.211828929540715,68.68631637208144,9.776572964873818e-05,150.0
1,Type.Guerrero,41.1750563516797,68.62335330999909,0.0026109142006210738,149.99999999999997
1,Type.Guerrero,41.17248110943937,68.62041321355775,0.0005829532617789971,149.99999999999994
1,Type.Guerrero,41.20187636425549,68.6697384448057,8.324343017328403e-05,150.0
1,Type.Guerrero,41.21608725394373,68.69347048437828,1.2408291916981165e-05,149.99999999999997
1,Type.Guerrero,41.132532532248014,68.55344854439042,0.00115851403441411,150.0
1,Type.Guerrero,35.46075384036382,59.099755945894984,0.0022506820670898696,150.0
1,Type.Guerrero,41.191611588946955,68.65190550559684,0.0011707139721231774,150.0
1,Type.Guerrero,41.11865037015228,68.5285218289718,0.0038431819230036863,149.99999999999997
1,Type.Guerrero,41.250988902595566,68.75164184777915,9.484820178476751e-06,150.0
1,Type.Guerrero,41.24086338492232,68.73475093626736,3.2057904750171126e-05,150.0
1,Type.Guerrero,41.19446771457566,68.65666786222262,0.0011674931052099787,150.0
1,Type.Guerrero,35.53976485048165,59.23272338788864,0.00032704437117155185,150.0
1,Type.Guerrero,41.2379511662084,68.72966804218811,0.0003758522388240019,150.0
1,Type.Guerrero,41.22569934131776,68.70929757939425,0.0003019842030272243,150.0
1,Type.Guerrero,41.23110605251428,68.718325406577,0.0002770214202001357,149.99999999999997
1,Type.Guerrero,41.237648644517016,68.72939164855867,3.413845454060863e-05,150.0
1,Type.Guerrero,41.23776104632657,68.72944153617024,0.0002403115610704391,150.0
1,Type.Guerrero,41.19404046555414,68.65580148991748,0.0013989290091391653,150.0
1,Type.Guerrero,35.54316536660834,59.23858538434209,3.534000772813838e-05,150.0
1,Type.Guerrero,41.221030063052446,68.70129329926468,0.0006352087341016588,150.0
1,Type.Guerrero,41.255466148813404,68.75910941238932,1.2534495331702684e-06,150.0
1,Type.Guerrero,41.23314788817582,68.7218232051055,0.00013491278132599232,149.99999999999994
1,Type.Guerrero,41.22069330188484,68.70094933219082,0.0003092564258826412,150.0
1,Type.Guerrero,41.20163875262422,68.66901665913429,0.0005718928591245666,149.99999999999997
1,Type.Guerrero,41.17693081885431,68.62706663246449,0.0017270984390316472,149.99999999999994
1,Type.Guerrero,41.21041931586979,68.68399804806914,5.121757077194206e-05,150.0
1,Type.Guerrero,41.21720808401967,68.6952198867626,0.000190379905267553,149.99999999999997
1,Type.Guerrero,41.238706452862814,68.73106889428905,0.00016279072346418396,150.0
1,Type.Guerrero,41.17715878911491,68.6281672400241,0.0006461127511386901,150.0
1,Type.Guerrero,41.179659635744045,68.63258532149612,0.00027110711593854325,150.0
1,Type.Guerrero,35.550167091386996,59.25016121189475,0.00017591062536961665,149.99999999999994
1,Type.Guerrero,35.504950712697045,59.17332319300589,0.0023919922337824278,149.99999999999997
1,Type.Guerrero,41.24075455984894,68.73458097605642,1.4935537709350163e-05,149.99999999999997
1,Type.Guerrero,41.16939557745893,68.61474920248081,0.0013651399261144944,149.99999999999997
1,Type.Guerrero,41.235115589575926,68.7250762530579,0.0001745943529630167,149.99999999999997
1,Type.Guerrero,41.067638896499474,68.44438931294245,0.002513271835025594,150.0
1,Type.Guerrero,41.195978945890374,68.65915446202695,0.0012156716855221475,150.0
1,Type.Guerrero,41.23327648914654,68.72209723036387,4.5377320548838716e-05,149.99999999999997
1,Type.Guerrero,35.53070600033573,59.21750837825985,0.0005024334495503148,149.99999999999997
1,Type.Guerrero,41.225059425271326,68.70825978667796,0.00025888316138111253,149.99999999999997
1,Type.Guerrero,41.21198614034844,68.68645707232304,0.00027974238656175107,149.99999999999997
1,Type.Guerrero,35.54286296728762,59.23804835685784,8.488293228311085e-05,150.0
1,Type.Guerrero,41.2197083231533,68.6992404294799,0.00041016366339958636,149.99999999999997
1,Type.Guerrero,41.13351018860765,68.55272360518934,0.0046900637351143075,150.0
1,Type.Guerrero,35.52729492524672,59.21181992618282,0.0005074238425695322,150.0
1,Type.Guerrero,41.18410068023775,68.63949142159977,0.0010145681947248456,150.0
1,Type.Guerrero,41.24293661369101,68.73817177662443,8.386929088332045e-05,150.0
1,Type.Guerrero,35.51311000721127,59.18805801889425,0.0006879896867786427,149.99999999999997
1,Type.Guerrero,35.52994777437249,59.21607035048194,0.0007639102083185174,149.99999999999997
1,Type.Guerrero,41.178720467668256,68.63055085190219,0.0009748913173600696,150.0
1,Type.Guerrero,41.0545752444812,68.42176946977497,0.0037839065405466544,149.99999999999997
1,Type.Guerrero,41.21147745215426,68.68556489537438,0.00034628732407241276,149.99999999999997
1,Type.Guerrero,41.21711847598328,68.69488779344694,0.0004644997877921302,149.99999999999997
1,Type.Guerrero,41.23920322198256,68.73195145398323,8.087398156126293e-05,150.0
1,Type.Guerrero,41.23940058380845,68.73224628445482,0.00013203283890135162,149.99999999999997
1,Type.Guerrero,35.507399532096315,59.177723645698066,0.0019133616936851884,150.0
1,Type.Guerrero,41.232329955812936,68.72038212173432,0.0002517069308641746,150.0
1,Type.Guerrero,35.53199694986313,59.219651268791246,0.0005154714709408255,150.0
1,Type.Guerrero,41.204769258374306,68.6740682275784,0.0008208045681624619,149.99999999999997
1,Type.Guerrero,41.172033854320375,68.6190401387557,0.0015244276673966356,150.0
1,Type.Guerrero,41.12526893320714,68.54189095505828,0.00033590043044663437,149.99999999999997
1,Type.Guerrero,35.55117705888295,59.25190990330499,7.779224989311505e-05,150.0
1,Type.Guerrero,41.182294276219075,68.63711973059661,5.6094652772700425e-05,150.0
1,Type.Guerrero,41.236651366610616,68.72772780814759,3.670430515670856e-05,150.0
1,Type.Guerrero,41.24147095281228,68.73566534511396,0.00017936435975883985,150.0
1,Type.Guerrero,35.51497685910584,59.19112129229914,0.0007602093159106224,150.0
1,Type.Guerrero,35.54626281545554,59.24361775776775,0.00023040198722929962,149.99999999999997
1,Type.Guerrero,41.22056095551877,68.70078700930152,0.00022187484464358833,150.0
1,Type.Guerrero,35.52780426370839,59.21278866215686,0.0003276660356938367,150.0
1,Type.Guerrero,41.2061045710373,68.67670569222236,0.0002028892597261572,150.0
1,Type.Guerrero,41.1917560614047,68.65270505252177,0.0003325747291015573,149.99999999999997
1,Type.Guerrero,41.210434039218555,68.68341052590425,0.000969309190021385,150.0
1,Type.Guerrero,35.51790894972289,59.196155988851,0.0005383910307280053,149.99999999999997
1,Type.Guerrero,35.5395824183403,59.23255059572233,0.00013015226725116198,150.0
1,Type.Guerrero,35.536694230068775,59.22736880393078,0.0006823692757652218,150.0
1,Type.Guerrero,41.200023804975444,68.66615754485804,0.0008231951515609727,150.0
1,Type.Guerrero,41.24803338584977,68.74672050625834,2.705236923382659e-06,149.99999999999997
1,Type.Guerrero,41.24221522739868,68.7370193000799,9.118376865921762e-06,149.99999999999997
1,Type.Guerrero,41.19510633936994,68.65845358983046,8.546367917728455e-05,150.0
1,Type.Guerrero,35.53567504871995,59.22610211371148,3.445123266756465e-05,150.0
1,Type.Guerrero,41.242516772580586,68.73750283483456,3.767919963708147e-05,149.99999999999997
1,Type.Guerrero,35.5479934259966,59.246527440296646,0.00019240454653452144,150.0
1,Type.Guerrero,25.870157384583614,0.00045906381955850136,64.6747048657297,150.0
1,Type.Guerrero,35.518537322161926,59.19728737767416,0.0004122388935820916,149.99999999999997
1,Type.Guerrero,41.22889455418203,68.71478341710795,6.125979314279424e-05,150.0
1,Type.Guerrero,41.24458595699454,68.74086200609352,0.00017188334608062155,150.0
1,Type.Guerrero,35.54468523065639,59.24102160955155,0.00018066231365688803,149.99999999999997
1,Type.Guerrero,41.2282534773774,68.7135424876253,0.0003199620055449785,149.99999999999997
1,Type.Guerrero,41.18910093492027,68.64729785143612,0.0018055601464929188,150.0
1,Type.Guerrero,41.250963166959025,68.75157340651766,4.780762106301683e-05,150.0
1,Type.Guerrero,35.55208125309466,59.253411209053795,8.631915596165125e-05,150.0
1,Type.Guerrero,41.224224137040245,68.70701755354756,3.401227929157945e-05,150.0
1,Type.Guerrero,41.22448068177069,68.70742745307766,6.052481024013737e-05,150.0
1,Type.Guerrero,35.54211474503835,59.23661637815083,0.0003622953696334277,149.99999999999997
1,Type.Guerrero,41.235511438248416,68.72581571024486,5.5030253758233197e-05,150.0
1,Type.Guerrero,41.216215054003115,68.69350045509695,0.0002869523623633093,150.0
1,Type.Guerrero,41.24344916627819,68.73899534209659,0.0001299025505997648,149.99999999999997
1,Type.Guerrero,41.245390768490864,68.74223322384913,0.0001270854534665262,150.0
1,Type.Guerrero,41.20892051017392,68.68149291705869,6.189984675297737e-05,150.0
1,Type.Guerrero,41.200872534667916,68.66779709912744,0.0004856879786313052,149.99999999999997
1,Type.Guerrero,41.231856516130435,68.71948302247922,0.0004167566072471158,149.99999999999997
1,Type.Guerrero,41.253160691754594,68.7552593297422,1.2734773182378933e-05,149.99999999999994
1,Type.Guerrero,41.23158435195999,68.71898467274661,0.0004838707800459755,150.0
1,Type.Guerrero,41.23376364875942,68.72282661862167,0.00016919396606022063,150.0
1,Type.Guerrero,41.244263314994974,68.74039657361888,6.3427059123262e-05,150.0
1,Type.Guerrero,41.241817023147135,68.73632730250368,5.1604112330481514e-05,149.99999999999997
1,Type.Guerrero,41.236754350599945,68.72783470814015,0.0001338142896346724,149.99999999999997
1,Type.Guerrero,35.532000058133676,59.21978655590516,0.00032031147645835393,150.0
1,Type.Guerrero,41.23014342668662,68.71687574091777,4.495533990376249e-05,150.0
1,Type.Guerrero,41.21055706460792,68.6839614609516,0.0004504700924141221,149.99999999999997
1,Type.Guerrero,41.225215103975344,68.70826360488687,0.000642352608070065,150.0
1,Type.Guerrero,41.20112161338791,68.66808630709087,0.0006745728334764181,150.0
1,Type.Guerrero,35.54045056700662,59.2336345059941,0.0006746585254221049,150.0
1,Type.Guerrero,41.23461823283945,68.72420257512451,0.0002417194118672959,150.0
1,Type.Guerrero,41.208798223584076,68.68100809079608,0.0004834227660644126,150.0
1,Type.Guerrero,41.24785220116548,68.74641691725459,5.1270318162280285e-06,149.99999999999997
1,Type.Guerrero,35.43280237488091,59.05168476369178,0.004478791664602205,150.0
1,Type.Guerrero,41.23104499141908,68.71832844756409,0.0001198072015894578,150.0
1,Type.Guerrero,41.16985963712847,68.61475188381327,0.002521267101270264,150.0
1,Type.Guerrero,41.2132122387885,68.68827814861885,0.0006133740429902561,149.99999999999997
1,Type.Guerrero,35.551328145178566,59.25221357529761,0.0,150.0
1,Type.Guerrero,41.197599282158656,68.66173953060151,0.0013889094943910143,149.99999999999997
1,Type.Guerrero,41.14936933332299,68.57960425790182,0.00401694645474,150.0
1,Type.Guerrero,41.22360138016739,68.70590790873156,0.0001415873211452128,149.99999999999997
1,Type.Guerrero,41.20814814352206,68.6796722918924,0.0008619209665502804,149.99999999999997
1,Type.Guerrero,41.067673497661126,68.44484908721054,0.0019101133370108335,150.0
1,Type.Guerrero,41.15576827817856,68.59158303997063,0.0020461354904714618,150.0
1,Type.Guerrero,35.51110204646802,59.18478067489888,0.0005841038217273632,149.99999999999997
1,Type.Guerrero,35.53466712799083,59.22425562858266,0.00028437710309813836,149.99999999999997
1,Type.Guerrero,41.110228589912005,68.51520223540709,0.002768121669380015,150.0
1,Type.Guerrero,41.24829677385422,68.74714889559715,1.8591239834746662e-05,150.0
1,Type.Guerrero,35.452800381131475,59.08670470425777,0.0019438964420375345,149.99999999999997
1,Type.Guerrero,41.172360671624666,68.62031832742734,0.00042418792067123025,150.0
1,Type.Guerrero,41.01793847239344,68.35589817098086,0.01099892451231529,150.0
1,Type.Guerrero,41.25432999794455,68.75721490135025,2.642836013043459e-06,150.0
1,Type.Guerrero,41.2379113527457,68.72972906779655,0.00018478016941699915,150.0
1,Type.Guerrero,41.22751802541694,68.71252582929615,6.319598120877831e-06,150.0
1,Type.Guerrero,41.22963397001037,68.71565210014418,0.0006067748096535394,149.99999999999997
1,Type.Guerrero,35.5284346611047,59.21385173024702,0.0003090573912166778,150.0
1,Type.Guerrero,41.207341939980275,68.67889753072542,8.553862556001924e-06,150.0
1,Type.Guerrero,41.176014559370216,68.62560905992967,0.0016228085310401933,150.0
1,Type.Guerrero,41.24934595052184,68.74890662716531,4.935556635507981e-06,150.0
1,Type.Guerrero,41.19157765381345,68.65217224651776,0.000685764756976527,149.99999999999997
1,Type.Guerrero,41.201630500726274,68.6688878851045,0.0007444241589446576,150.0
1,Type.Guerrero,41.20037833614355,68.66691276948156,0.000576686136554703,149.99999999999997
1,Type.Guerrero,41.14108151474217,68.5666599206041,0.0027139059492941836,150.0
1,Type.Guerrero,35.49211637740056,59.15275868459406,0.0011529166103175744,149.99999999999997
1,Type.Guerrero,41.20799575282745,68.67942649331836,0.0008496420910769815,150.0
1,Type.Guerrero,41.21144103147066,68.6852816066439,0.0006801687108177489,150.0
1,Type.Guerrero,41.224734802747186,68.70762933045164,0.00039301119051129757,149.99999999999997
1,Type.Guerrero,41.23446361041054,68.72400230642066,0.00015556639537762264,150.0
1,Type.Guerrero,41.231820310683894,68.71967917711454,3.201103793236021e-05,149.99999999999997
1,Type.Guerrero,35.53390723130182,59.22301993147413,0.00023818104334783508,150.0
1,Type.Guerrero,41.176945275375004,68.62690711839505,0.002002510844927923,150.0
1,Type.Guerrero,35.53731198297981,59.22864136690765,0.0003179070880525437,150.0
1,Type.Guerrero,35.53531140283477,59.22538680078384,0.0001983059111698417,149.99999999999997
1,Type.Guerrero,41.241336726510795,68.73553504545302,3.924809747111534e-05,150.0
1,Type.Guerrero,41.244324015562945,68.74044978369827,0.00013536335996260088,150.0
1,Type.Guerrero,41.09284822276599,68.48687569539639,0.0018070138203975076,150.0
1,Type.Guerrero,35.409217146953175,59.01106683743492,0.0064426112305685,150.0
1,Type.Guerrero,41.23885320515392,68.73135085884462,0.00010672461786924928,149.99999999999997
1,Type.Guerrero,41.17821667906727,68.62913743747309,0.0018355414585445977,149.99999999999997
1,Type.Guerrero,41.22447447421451,68.70725232244098,0.000307701874807042,150.0
1,Type.Guerrero,41.19592548673746,68.65975251363668,0.00018494638864162598,150.0
1,Type.Guerrero,41.207122428451015,68.67798640182802,0.0008264683855136332,149.99999999999997
1,Type.Guerrero,41.18441789013591,68.64067653167072,2.992783370791474e-05,149.99999999999997
1,Type.Guerrero,41.185248870291275,68.64150062578788,0.0008712370463634272,150.0
1,Type.Guerrero,41.23394126099975,68.7231855151004,7.487984878334993e-05,149.99999999999997
1,Type.Guerrero,41.2106714838707,68.68418647949683,0.0003989904315023766,150.0
1,Type.Guerrero,41.12977017622145,68.54805225735778,0.002347054516962447,150.0
1,Type.Guerrero,35.51377207465316,59.1889431306957,0.001015490589364972,150.0
1,Type.Guerrero,41.141937150554575,68.56959505340512,0.00045029627875350307,150.0
1,Type.Guerrero,41.16685797417121,68.61089350115942,0.0008046836888996517,150.0
1,Type.Guerrero,41.24242526071531,68.73732570040126,7.460118638044299e-05,149.99999999999997
1,Type.Guerrero,41.16001934125535,68.59905606304993,0.0014642585634799456,150.0
1,Type.Guerrero,35.54627433671461,59.24360729826958,0.0002748943821565148,150.0
1,Type.Guerrero,41.235383971902785,68.72560162701826,5.7489229580477375e-05,150.0
1,Type.Guerrero,41.24370819088796,68.73950414887047,1.4253914198612545e-05,149.99999999999997
1,Type.Guerrero,41.23823235492703,68.73021338479637,0.0002608101230170523,149.99999999999997
1,Type.Guerrero,41.183749995317704,68.63823834840389,0.0020174656884255557,150.0
1,Type.Guerrero,35.523666346022466,59.20566889101827,0.0006625285287610218,150.0
1,Type.Guerrero,41.23966987356373,68.73263637644305,0.000220119244734542,150.0
1,Type.Guerrero,41.180748597473176,68.63412275275999,0.0006873645429610453,149.99999999999997
1,Type.Guerrero,41.228468721340896,68.71387779479018,0.0003551111669868696,150.0
1,Type.Guerrero,41.236518680583686,68.7274571482894,0.00011097902511041792,150.0
1,Type.Guerrero,41.20804556240791,68.68002741448859,7.278428690481163e-05,150.0
1,Type.Guerrero,35.501249214187254,59.16719934008541,0.002324025340024399,150.0
1,Type.Guerrero,41.2451861303186,68.74197338633446,5.246294807379977e-06,150.0
1,Type.Guerrero,41.22565630880386,68.70936154083653,9.846075486542614e-05,150.0
1,Type.Guerrero,41.20421819537417,68.67360932311473,0.00013150376333399477,150.0
1,Type.Guerrero,41.1890812916688,68.64764633209248,0.0012337310332790731,149.99999999999994
1,Type.Guerrero,41.13907071483896,68.56288039958781,0.0033561877156833633,150.0
1,Type.Guerrero,41.160917298057356,68.60012428018257,0.0021068248695328457,150.0
1,Type.Guerrero,41.24024372292524,68.73362408826456,0.00017317491628194767,149.99999999999997
1,Type.Guerrero,41.23500273207209,68.7249424280945,9.318803849105011e-05,149.99999999999994
1,Type.Guerrero,35.40548061511205,59.00411455785365,0.00752970099964894,150.0
1,Type.Guerrero,35.44529479798079,59.070786373745044,0.00705743433442044,150.0
1,Type.Guerrero,35.394753124698326,58.985835783205935,0.008129136936916545,150.0
1,Type.Guerrero,41.23361364061379,68.72260132511313,0.00013211386478132945,150.0
1,Type.Guerrero,41.22632171891446,68.71042543387422,0.00016614647483779714,150.0
1,Type.Guerrero,35.5017549395864,59.16952023212044,0.0001070007853278867,149.99999999999997
1,Type.Guerrero,41.05359370408986,68.41697621770776,0.008519933663014335,150.0
1,Type.Guerrero,35.44386867397008,59.070549642436475,0.0038472212704812997,150.0
1,Type.Guerrero,41.20426763650947,68.6735283046624,0.0003766342800861346,150.0
1,Type.Guerrero,41.18735724804991,68.64465807457006,0.0014060082697030646,150.0
1,Type.Guerrero,41.21218516000688,68.68672089843538,0.00038155236413989983,150.0
1,Type.Guerrero,41.1242263415352,68.53950755821191,0.0013045165201395598,150.0
1,Type.Guerrero,41.240970900335746,68.73494397038213,1.129526615724623e-05,150.0
1,Type.Guerrero,41.242884358731985,68.73811409454822,3.9755007616875475e-05,149.99999999999997
1,Type.Guerrero,35.48832988742784,59.14627915131075,0.0014059916034794735,149.99999999999997
1,Type.Guerrero,41.2306906306597,68.71750072772265,0.00047548506527083544,150.0
1,Type.Guerrero,35.486890181219785,59.14455725563658,0.00038956959459467524,149.99999999999997
1,Type.Guerrero,41.16267735399241,68.60423161154522,0.0003459676631868003,150.0
1,Type.Guerrero,41.11195737739571,68.51840895181924,0.0022800157604163794,149.99999999999997
1,Type.Guerrero,41.18740698102101,68.64498649950993,0.0010377032876578123,150.0
1,Type.Guerrero,41.21533702068752,68.69203114948805,0.0002958274867336201,150.0
1,Type.Guerrero,41.20153608024814,68.66867425685778,0.0008288153336886582,149.99999999999997
1,Type.Guerrero,41.19780805559736,68.66275088094511,0.0003938175757354463,150.0
1,Type.Guerrero,41.107966977879805,68.51302339054128,0.0003823588875864892,149.99999999999997
1,Type.Guerrero,41.22113682998622,68.70144403322804,0.0006760251234933337,150.0
1,Type.Guerrero,35.53796322571507,59.22988073638395,8.695971174439804e-05,150.0
1,Type.Guerrero,41.21770883524288,68.69597865113073,0.00030411141111524366,150.0
1,Type.Guerrero,35.545717658928666,59.24285493086982,1.175101693921321e-05,150.0
1,Type.Guerrero,41.05316065865933,68.41565106463744,0.009425049692170229,150.0
1,Type.Guerrero,41.23759140486265,68.72929232210443,4.00289999868528e-05,149.99999999999997
1,Type.Guerrero,41.02511554005704,68.37109904072513,0.0061402890548999806,150.0
1,Type.Guerrero,41.19098494722993,68.65125539188703,0.0005792802442647399,149.99999999999994
1,Type.Guerrero,41.130158582958124,68.5483713721453,0.0028393991773621933,150.0
1,Type.Guerrero,41.22750018588362,68.71243883959617,9.220531480481312e-05,150.0
1,Type.Guerrero,41.19772756636326,68.66255952730555,0.0004796249498318439,149.99999999999997
1,Type.Guerrero,41.14491892412094,68.57444646196284,0.0006276173580763819,150.0
1,Type.Guerrero,35.50070828970515,59.16751119117315,0.0005039375031643679,150.0
1,Type.Guerrero,35.48179051174354,59.13453438329957,0.0026747044095038254,150.0
1,Type.Guerrero,41.19588027705414,68.65945555478662,0.0005173604554107192,150.0
1,Type.Guerrero,41.160531325012734,68.60068030962908,0.00030784808821302954,150.0
1,Type.Guerrero,41.02667793330699,68.3771409456442,0.0009834148011785492,150.0
1,Type.Guerrero,41.026324411347716,68.37196255455576,0.007867196535654307,150.0
1,Type.Guerrero,41.224551053453595,68.70726099018677,0.00048614835383126815,150.0
1,Type.Guerrero,41.145721812468935,68.57348079394608,0.004083340253233153,150.0
1,Type.Guerrero,35.50110854182165,59.16819620357431,0.00047704919266391575,150.0
1,Type.Guerrero,41.164853579005836,68.60697065265568,0.0016779685310779266,150.0
1,Type.Guerrero,41.17818985079772,68.62972419565448,0.000888333512604042,150.0
1,Type.Guerrero,41.14368541717666,68.57082462033884,0.0029766124334043814,149.99999999999997
1,Type.Guerrero,41.21073460442619,68.68446309580472,0.00014186735841374638,150.0
1,Type.Guerrero,41.19287379257717,68.65379484903406,0.001492207891834204,150.0
1,Type.Guerrero,41.084432238360776,68.46871503410976,0.008008044737305332,150.0
1,Type.Guerrero,41.19934557744463,68.66470725923516,0.001303054758850728,149.99999999999997
1,Type.Guerrero,41.22222560484584,68.7031095379919,0.0008997051267344798,150.0
1,Type.Guerrero,41.16946361700248,68.6150903985366,0.001023444701310076,150.0
1,Type.Guerrero,41.05729222133629,68.42692875505911,0.002837420752058618,150.0
1,Type.Guerrero,41.16031243288109,68.59923027707342,0.0019356665926112916,149.99999999999997
1,Type.Guerrero,41.19784058563978,68.66294761721129,0.00018003828253095315,150.0
1,Type.Guerrero,41.169930241524646,68.61597258502154,0.0008667262793185195,150.0
1,Type.Guerrero,40.87402378672172,68.11774946498015,0.00843526933409152,150.0
1,Type.Guerrero,41.203437781845885,68.67170297492972,0.0010399922201403367,150.0
1,Type.Guerrero,41.13819314875677,68.56093980003622,0.004073171837600073,150.0
1,Type.Guerrero,41.18013966064094,68.63321107726914,0.0005325356986505941,150.0
1,Type.Guerrero,41.23090697390055,68.71793915588742,0.0003587009202484563,149.99999999999997
1,Type.Guerrero,41.09606117223772,68.49026185882336,0.004760142359251973,150.0
1,Type.Guerrero,41.056040963488776,68.42565723360896,0.0016165583085054312,150.0
1,Type.Guerrero,35.513579246719644,59.18817925255507,0.001679237966514018,150.0
1,Type.Guerrero,41.17789102309118,68.62828572899063,0.002298964241992171,150.0
1,Type.Guerrero,41.12399020739263,68.53835692327866,0.002440133563602065,150.0
1,Type.Guerrero,41.21366328247744,68.6892614571991,0.00026602039495687147,150.0
1,Type.Guerrero,41.19260755901335,68.65374928566322,0.00089496903854745,149.99999999999997
1,Type.Guerrero,41.163970442369205,68.60436294116269,0.0033816941789694146,150.0
1,Type.Guerrero,41.21296614490113,68.68762012740082,0.0009851711516164511,150.0
1,Type.Guerrero,41.19888188328483,68.66471026721022,0.00013930739672597938,149.99999999999997
1,Type.Guerrero,35.485824470832796,59.1420862798365,0.0014317573272405646,150.0
1,Type.Guerrero,41.11683594120245,68.52576413730533,0.0034436470481329215,150.0
1,Type.Guerrero,41.19676787785128,68.66041530980732,0.0012967299172294165,149.99999999999997
1,Type.Guerrero,41.15260040428686,68.58643089869247,0.0018546626784401619,150.0
1,Type.Guerrero,41.160144178282785,68.59843244043405,0.002711785055890454,149.99999999999997
1,Type.Guerrero,41.091631877363675,68.48184570009349,0.006311143268957776,149.99999999999997
1,Type.Guerrero,41.23889072122455,68.73145186232132,4.900957939115999e-05,150.0
1,Type.Guerrero,41.07791042496096,68.45766296922322,0.008281608567567664,150.0
1,Type.Guerrero,41.091092628448045,68.48124892154264,0.005858188806150977,150.0
1,Type.Guerrero,35.44783593020302,59.077649480885974,0.003115604178599114,149.99999999999997
1,Type.Guerrero,41.224359783039176,68.70715047015283,0.00017375236871154824,149.99999999999997
1,Type.Guerrero,40.88483130342028,68.12842396921401,0.019442304729689542,150.0
1,Type.Guerrero,40.981236908823476,68.29826510522116,0.005694614226950285,150.0
1,Type.Guerrero,41.06121384935642,68.43247084295714,0.0043283589553412775,150.0
1,Type.Guerrero,41.21305070924254,68.68826568552186,0.00022824482355961135,149.99999999999997
1,Type.Guerrero,35.436677098273975,59.060901481223134,0.00034052385023018917,150.0
1,Type.Guerrero,41.20754506141737,68.67890431435023,0.0005061820180864187,149.99999999999997
1,Type.Guerrero,41.09524674493529,68.48895403623115,0.0046858079915012415,150.0
1,Type.Guerrero,41.1027446925723,68.50271065898725,0.0027957429498747226,150.0
1,Type.Guerrero,41.08300486129157,68.47031532021538,0.002039172905865409,149.99999999999997
1,Type.Guerrero,41.22974229495814,68.71616977307332,0.00010107778538525585,150.0
1,Type.Guerrero,41.131730887666514,68.55209990041726,0.0011773685404021128,150.0
1,Type.Guerrero,41.16146848016384,68.60048184136137,0.0029484383675596033,150.0
1,Type.Guerrero,41.17961917264994,68.63266992360204,4.304622180859709e-05,150.0
1,Type.Guerrero,41.226793625678894,68.71130967561159,1.9550779857509923e-05,150.0
1,Type.Guerrero,41.17958705458395,68.63196766579468,0.0010161377678736259,150.0
1,Type.Guerrero,40.95338263020424,68.2529953499854,0.003963550532504921,150.0
1,Type.Guerrero,35.516402518703956,59.19336112818433,0.000964604483405377,150.0
1,Type.Guerrero,41.147545866541975,68.57711879819009,0.003186469069814983,150.0
1,Type.Guerrero,41.117310146910526,68.5283158985544,0.0008015194447137898,150.0
1,Type.Guerrero,41.15174289886605,68.58484461811224,0.002090319996752935,149.99999999999997
1,Type.Guerrero,41.1804047545864,68.63296355227854,0.001566558048194567,149.99999999999997
1,Type.Guerrero,41.079570278392126,68.46588302057198,0.00010116512233622937,150.0
1,Type.Guerrero,41.19204679053308,68.65258915146399,0.0012332491367159524,150.0
1,Type.Guerrero,41.133053095415505,68.55215785983636,0.004395948784235642,150.0
1,Type.Guerrero,35.50439831274422,59.17344530513585,0.0008278241567840394,150.0
1,Type.Guerrero,35.289172596532495,58.81444726586624,0.0012605925318631614,150.0
1,Type.Guerrero,41.19492604693032,68.65707690120603,0.0016997655167714902,149.99999999999997
1,Type.Guerrero,41.19802174137415,68.66292241670959,0.0006707283709993834,150.0
1,Type.Guerrero,41.122062878593134,68.53671879171458,7.900891096968573e-05,150.0
1,Type.Guerrero,41.17402809346189,68.62229900004215,0.001621733591502963,150.0
1,Type.Guerrero,41.22828840975956,68.7137485423081,9.821093675673408e-05,150.0
1,Type.Guerrero,41.176753451770814,68.62789640413969,3.9023217506248176e-05,150.0
1,Type.Guerrero,41.206697721208485,68.67741869483592,0.0006162607673345935,150.0
1,Type.Guerrero,40.98428454654626,68.30509942152801,0.0030622340736336097,150.0
1,Type.Guerrero,41.1291972247015,68.54770421978746,0.0014367320725585922,150.0
1,Type.Guerrero,41.20923188011805,68.68142359773663,0.0009443036901765874,150.0
1,Type.Guerrero,40.992542871843504,68.31055017237891,0.015531921040404836,150.0
1,Type.Guerrero,41.0721877787043,68.4506417143942,0.004506875169449223,150.0
1,Type.Guerrero,40.99971675707305,68.32370087249254,0.013740583943833179,150.0
1,Type.Guerrero,41.18666505157418,68.64364647662768,0.0011929139939273023,150.0
1,Type.Guerrero,35.49748182885147,59.16124630472033,0.0018351150481931914,150.0
1,Type.Guerrero,40.95839502156308,68.26213454845777,0.002785731221050726,150.0
1,Type.Guerrero,41.1673210071551,68.61035109995841,0.0027758679501423255,150.0
1,Type.Guerrero,41.21881393097916,68.69798894881059,5.140423202445375e-05,149.99999999999997
1,Type.Guerrero,40.95384369647732,68.2489136825114,0.011238717426206897,150.0
1,Type.Guerrero,35.52743400124891,59.2123669983083,3.4505659838223945e-05,150.0
1,Type.Guerrero,35.42605177687233,59.04164823345079,0.0026570920046281054,150.0
1,Type.Guerrero,41.20949394692864,68.6821797490534,0.00046524374149345263,150.0
1,Type.Guerrero,41.23904149330784,68.73166849449578,0.00010099152593728875,149.99999999999997
1,Type.Guerrero,41.04396760316433,68.40091633851009,0.008544500145706554,150.0
1,Type.Guerrero,41.133199382898326,68.5546781053657,0.0009812991972819546,150.0
1,Type.Guerrero,41.1255230040468,68.5413984365565,0.001709855282229743,150.0
1,Type.Guerrero,41.022002613766574,68.36269532350845,0.010963549153769871,150.0
1,Type.Guerrero,41.12988428234285,68.54811803081006,0.0025336596420405507,150.0
1,Type.Guerrero,41.10567784907248,68.5093722193651,0.00013629363353683408,150.0
1,Type.Guerrero,41.192640645520726,68.65367268502705,0.001092586261257998,150.0
1,Type.Guerrero,41.11914202389307,68.52991905921198,0.0029764709147180957,149.99999999999997
1,Type.Guerrero,41.209832852298646,68.6828354566228,0.0003289458124143491,150.0
1,Type.Guerrero,41.195437178279704,68.65863118760862,0.0006461642863263349,150.0
1,Type.Guerrero,41.106921563933035,68.51114768930711,0.0005823758719395253,149.99999999999997
1,Type.Guerrero,41.190933401315114,68.65064709512214,0.0013628606045761225,150.0
1,Type.Guerrero,41.2057204385714,68.67591775472862,0.00042446433557727375,150.0
1,Type.Guerrero,40.93729557368344,68.22454112744505,0.006427243041043919,150.0
1,Type.Guerrero,41.18815795711004,68.64672249872318,0.00031114469034342074,150.0
1,Type.Guerrero,41.16228021489428,68.60310872283179,0.001037452988021656,150.0
1,Type.Guerrero,41.086881662352354,68.47556072475783,0.003863068744145132,150.0
1,Type.Guerrero,40.93453628389188,68.22310463482071,0.0016837574986391778,149.99999999999997
1,Type.Guerrero,41.133810459859525,68.5539667402064,0.003576039339211853,150.0
1,Type.Guerrero,40.92559033860834,68.20351547421343,0.008702635200703277,150.0
1,Type.Guerrero,35.3640751880888,58.93143660898215,0.01303305674878175,150.0
1,Type.Guerrero,41.11038640013303,68.51601082602244,0.001949761298927915,150.0
1,Type.Guerrero,35.46812416028345,59.113073463729535,0.000700205114333832,150.0
1,Type.Guerrero,41.120678987771335,68.53386774663923,0.0008958494694892601,150.0
1,Type.Guerrero,41.02979473660226,68.38259031683543,0.0006013662525166815,150.0
1,Type.Guerrero,35.55105062794703,59.2516545335338,0.00014476956687217555,150.0
1,Type.Guerrero,41.03789498298354,68.39108072621529,0.008116368135905754,150.0
1,Type.Guerrero,35.49579844641933,59.15899189461458,0.0010082741264469167,150.0
1,Type.Guerrero,41.09735132923993,68.49216907765135,0.005124706622801538,150.0
1,Type.Guerrero,40.97108672393707,68.28483974611338,0.0004571906726125586,150.0
1,Type.Guerrero,41.23701709353752,68.72834759754707,2.1337523202002267e-05,150.0
1,Type.Guerrero,41.170378956774314,68.6164162348833,0.0013230396108292195,149.99999999999997
1,Type.Guerrero,41.159250252013315,68.59822982272877,0.0007808959401493347,150.0
1,Type.Guerrero,41.08393961710707,68.47093865693903,0.0034410573591468967,150.0
