0,Type.Defensor,14.691518039910566,15.742375586603606,14.574756090278004,150
1,Type.Defensor,25.926018124060917,0.3429422704097878,28.768582107799933,150
2,Type.Defensor,18.204196646373656,2.4432554535915405,19.955412334460558,150
3,Type.Defensor,4.551370559660548,35.75649458100197,1.0841345572892787,150
4,Type.Defensor,11.888865530950598,3.248342855242935,12.848923606029228,150
5,Type.Defensor,18.204196646373656,2.4432554535915405,19.955412334460558,150
6,Type.Defensor,10.599555929725824,21.679055652752243,9.36850040494511,150
7,Type.Defensor,18.866192187958006,7.481520583567552,20.131155699556945,150
8,Type.Defensor,4.997077940763614,27.699754208587283,2.4745583554498722,150
9,Type.Defensor,4.01688826772294,19.84146114113135,2.2586023928997823,150
10,Type.Defensor,10.599555929725824,21.679055652752243,9.36850040494511,150
11,Type.Defensor,17.026959141924937,9.45268710271938,17.868544924058885,150
12,Type.Defensor,10.645485807029742,20.652556273913337,9.533589088487119,150
13,Type.Defensor,4.305074465405145,23.53014324252104,2.1689557123922674,150
14,Type.Defensor,17.78326561929665,16.417176858149187,17.935053259424144,150
15,Type.Defensor,18.299971859727634,15.313211666743836,18.6318341033925,150
16,Type.Defensor,17.026959141924937,9.45268710271938,17.868544924058885,150
17,Type.Defensor,17.78326561929665,16.417176858149187,17.935053259424144,150
18,Type.Defensor,3.449431304980723,1.0785330412973573,3.712864445389986,150
19,Type.Defensor,14.51741904293071,20.801238397973943,13.81921689237035,150
20,Type.Defensor,21.03220939619168,6.104520434230658,22.690841503076236,150
21,Type.Defensor,17.904134034030047,9.02783222631664,18.890389790442647,150
22,Type.Defensor,10.599555929725824,21.679055652752243,9.36850040494511,150
23,Type.Defensor,21.03220939619168,6.104520434230658,22.690841503076236,150
24,Type.Defensor,18.299971859727634,15.313211666743836,18.6318341033925,150
25,Type.Defensor,26.79568213035414,2.3551686730938792,29.51129473671639,150
26,Type.Defensor,25.926018124060917,0.3429422704097878,28.768582107799933,150
27,Type.Defensor,17.800702874682102,2.469999191992074,19.50411439498099,150
28,Type.Defensor,18.866192187958006,7.481520583567552,20.131155699556945,150
29,Type.Defensor,21.03220939619168,6.104520434230658,22.690841503076236,150
30,Type.Defensor,21.03220939619168,6.104520434230658,22.690841503076236,150
31,Type.Defensor,21.03220939619168,6.104520434230658,22.690841503076236,150
32,Type.Defensor,18.866192187958006,7.481520583567552,20.131155699556945,150
33,Type.Defensor,18.299971859727634,15.313211666743836,18.6318341033925,150
34,Type.Defensor,26.79568213035414,2.3551686730938792,29.51129473671639,150
35,Type.Defensor,18.866192187958006,7.481520583567552,20.131155699556945,150
36,Type.Defensor,17.904134034030047,9.02783222631664,18.890389790442647,150
37,Type.Defensor,18.299971859727634,15.313211666743836,18.6318341033925,150
38,Type.Defensor,21.03220939619168,6.104520434230658,22.690841503076236,150
39,Type.Defensor,14.51741904293071,20.801238397973943,13.81921689237035,150
0,Type.Defensor,21.03220939619168,6.104520434230658,22.690841503076236,150
1,Type.Defensor,18.866192187958006,7.481520583567552,20.131155699556945,150
2,Type.Defensor,21.03220939619168,6.104520434230658,22.690841503076236,150
3,Type.Defensor,4.305074465405145,23.53014324252104,2.1689557123922674,150
4,Type.Defensor,11.888865530950598,3.248342855242935,12.848923606029228,150
5,Type.Defensor,25.926018124060917,0.3429422704097878,28.768582107799933,150
6,Type.Defensor,11.888865530950598,3.248342855242935,12.848923606029228,150
7,Type.Defensor,10.645485807029742,20.652556273913337,9.533589088487119,150
8,Type.Defensor,21.03220939619168,6.104520434230658,22.690841503076236,150
9,Type.Defensor,18.866192187958006,7.481520583567552,20.131155699556945,150
10,Type.Defensor,18.866192187958006,7.481520583567552,20.131155699556945,150
11,Type.Defensor,21.03220939619168,6.104520434230658,22.690841503076236,150
12,Type.Defensor,18.866192187958006,7.481520583567552,20.131155699556945,150
13,Type.Defensor,17.904134034030047,9.02783222631664,18.890389790442647,150
14,Type.Defensor,26.79568213035414,2.3551686730938792,29.51129473671639,150
15,Type.Defensor,25.926018124060917,0.3429422704097878,28.768582107799933,150
16,Type.Defensor,18.299971859727634,15.313211666743836,18.6318341033925,150
17,Type.Defensor,11.888865530950598,3.248342855242935,12.848923606029228,150
18,Type.Defensor,11.888865530950598,3.248342855242935,12.848923606029228,150
19,Type.Defensor,26.79568213035414,2.3551686730938792,29.51129473671639,150
20,Type.Defensor,21.8879333962182,6.104520434230658,23.64164594755015,150.0
21,Type.Defensor,18.299971859727634,15.313211666743836,18.6318341033925,150
22,Type.Defensor,17.026959141924937,9.45268710271938,17.868544924058885,150
23,Type.Defensor,21.03220939619168,6.104520434230658,22.690841503076236,150
24,Type.Defensor,26.79568213035414,2.3551686730938792,29.51129473671639,150
25,Type.Defensor,21.03220939619168,6.104520434230658,22.690841503076236,150
26,Type.Defensor,26.79568213035414,2.3551686730938792,29.51129473671639,150
27,Type.Defensor,26.79568213035414,2.3551686730938792,29.51129473671639,150
28,Type.Defensor,26.79568213035414,2.3551686730938792,29.51129473671639,150
29,Type.Defensor,21.8879333962182,6.104520434230658,23.64164594755015,150.0
30,Type.Defensor,26.79568213035414,2.3551686730938792,29.51129473671639,150
31,Type.Defensor,26.79568213035414,2.3551686730938792,29.51129473671639,150
32,Type.Defensor,21.245867676064762,6.047894455618957,22.934531367225407,150
33,Type.Defensor,25.926018124060917,0.3429422704097878,28.768582107799933,150
34,Type.Defensor,26.79568213035414,2.3551686730938792,29.51129473671639,150
35,Type.Defensor,26.79568213035414,2.3551686730938792,29.51129473671639,150
36,Type.Defensor,21.03220939619168,6.104520434230658,22.690841503076236,150
37,Type.Defensor,25.926018124060917,0.3429422704097878,28.768582107799933,150
38,Type.Defensor,26.79568213035414,2.3551686730938792,29.51129473671639,150
39,Type.Defensor,26.79568213035414,2.3551686730938792,29.51129473671639,150
0,Type.Defensor,21.830121755794796,5.496118049259839,23.6450110565209,150.0
1,Type.Defensor,18.866192187958006,7.481520583567552,20.131155699556945,150
2,Type.Defensor,26.79568213035414,2.3551686730938792,29.51129473671639,150
3,Type.Defensor,25.926018124060917,0.3429422704097878,28.768582107799933,150
4,Type.Defensor,18.866192187958006,7.481520583567552,20.131155699556945,150
5,Type.Defensor,26.79568213035414,2.3551686730938792,29.51129473671639,150
6,Type.Defensor,26.79568213035414,2.3551686730938792,29.51129473671639,150
7,Type.Defensor,26.12749951810993,0.8363739684690653,28.937624579181136,150.0
8,Type.Defensor,26.79568213035414,2.3551686730938792,29.51129473671639,150
9,Type.Defensor,17.026959141924937,9.45268710271938,17.868544924058885,150
10,Type.Defensor,25.926018124060917,0.3429422704097878,28.768582107799933,150
11,Type.Defensor,26.79568213035414,2.3551686730938792,29.51129473671639,150
12,Type.Defensor,26.79568213035414,2.3551686730938792,29.51129473671639,150
13,Type.Defensor,26.79568213035414,2.3551686730938792,29.51129473671639,150
14,Type.Defensor,26.79568213035414,2.3551686730938792,29.51129473671639,150
15,Type.Defensor,26.79568213035414,2.3551686730938792,29.51129473671639,150
16,Type.Defensor,26.79568213035414,2.3551686730938792,29.51129473671639,150
17,Type.Defensor,18.866192187958006,7.481520583567552,20.131155699556945,150
18,Type.Defensor,26.79568213035414,2.3551686730938792,29.51129473671639,150
19,Type.Defensor,25.986658002395277,1.5929596598962636,28.69706892933961,150.0
20,Type.Defensor,26.79568213035414,2.3551686730938792,29.51129473671639,150
21,Type.Defensor,26.79568213035414,2.3551686730938792,29.51129473671639,150
22,Type.Defensor,26.79568213035414,2.3551686730938792,29.51129473671639,150
23,Type.Defensor,21.03220939619168,6.104520434230658,22.690841503076236,150
24,Type.Defensor,26.79568213035414,2.3551686730938792,29.51129473671639,150
25,Type.Defensor,26.79568213035414,2.3551686730938792,29.51129473671639,150
26,Type.Defensor,26.79568213035414,2.3551686730938792,29.51129473671639,150
27,Type.Defensor,26.79568213035414,2.3551686730938792,29.51129473671639,150
28,Type.Defensor,28.051441500450753,1.200230370750795,31.03490940375075,150.0
29,Type.Defensor,26.79568213035414,2.3551686730938792,29.51129473671639,150
30,Type.Defensor,26.79568213035414,2.3551686730938792,29.51129473671639,150
31,Type.Defensor,28.051441500450753,1.200230370750795,31.03490940375075,150.0
32,Type.Defensor,28.051441500450753,1.200230370750795,31.03490940375075,150.0
33,Type.Defensor,25.926018124060917,0.3429422704097878,28.768582107799933,150
34,Type.Defensor,28.051441500450753,1.200230370750795,31.03490940375075,150.0
35,Type.Defensor,26.79568213035414,2.3551686730938792,29.51129473671639,150
36,Type.Defensor,26.79568213035414,2.3551686730938792,29.51129473671639,150
37,Type.Defensor,26.79568213035414,2.3551686730938792,29.51129473671639,150
38,Type.Defensor,26.79568213035414,2.3551686730938792,29.51129473671639,150
39,Type.Defensor,26.79568213035414,2.3551686730938792,29.51129473671639,150
0,Type.Defensor,21.03220939619168,6.104520434230658,22.690841503076236,150
1,Type.Defensor,23.167836472366712,2.575275312392425,25.455898823474964,150
2,Type.Defensor,26.79568213035414,2.3551686730938792,29.51129473671639,150
3,Type.Defensor,26.79568213035414,2.3551686730938792,29.51129473671639,150
4,Type.Defensor,26.79568213035414,2.3551686730938792,29.51129473671639,150
5,Type.Defensor,26.79568213035414,2.3551686730938792,29.51129473671639,150
6,Type.Defensor,26.79568213035414,2.3551686730938792,29.51129473671639,150
7,Type.Defensor,26.79568213035414,2.3551686730938792,29.51129473671639,150
8,Type.Defensor,25.735101741409395,3.0010862269797105,28.261103465234918,150.0
9,Type.Defensor,26.79568213035414,2.3551686730938792,29.51129473671639,150
10,Type.Defensor,28.051441500450753,1.200230370750795,31.03490940375075,150.0
11,Type.Defensor,26.79568213035414,2.3551686730938792,29.51129473671639,150
12,Type.Defensor,26.79568213035414,2.3551686730938792,29.51129473671639,150
13,Type.Defensor,26.79568213035414,2.3551686730938792,29.51129473671639,150
14,Type.Defensor,26.79568213035414,2.3551686730938792,29.51129473671639,150
15,Type.Defensor,26.79568213035414,2.3551686730938792,29.51129473671639,150
16,Type.Defensor,26.79568213035414,2.3551686730938792,29.51129473671639,150
17,Type.Defensor,26.79568213035414,2.3551686730938792,29.51129473671639,150
18,Type.Defensor,26.79568213035414,2.3551686730938792,29.51129473671639,150
19,Type.Defensor,26.79568213035414,2.3551686730938792,29.51129473671639,150
20,Type.Defensor,26.79568213035414,2.3551686730938792,29.51129473671639,150
21,Type.Defensor,26.79568213035414,2.3551686730938792,29.51129473671639,150
22,Type.Defensor,26.79568213035414,2.3551686730938792,29.51129473671639,150
23,Type.Defensor,26.79568213035414,2.3551686730938792,29.51129473671639,150
24,Type.Defensor,28.051441500450753,1.200230370750795,31.03490940375075,150.0
25,Type.Defensor,26.79568213035414,2.3551686730938792,29.51129473671639,150
26,Type.Defensor,29.15785102964071,2.2118524719945336,32.151850869379174,150
27,Type.Defensor,26.79568213035414,2.3551686730938792,29.51129473671639,150
28,Type.Defensor,26.79568213035414,2.3551686730938792,29.51129473671639,150
29,Type.Defensor,26.79568213035414,2.3551686730938792,29.51129473671639,150
30,Type.Defensor,28.051441500450753,1.200230370750795,31.03490940375075,150.0
31,Type.Defensor,26.79568213035414,2.3551686730938792,29.51129473671639,150
32,Type.Defensor,26.79568213035414,2.3551686730938792,29.51129473671639,150
33,Type.Defensor,28.051441500450753,1.200230370750795,31.03490940375075,150.0
34,Type.Defensor,28.051441500450753,1.200230370750795,31.03490940375075,150.0
35,Type.Defensor,26.79568213035414,2.3551686730938792,29.51129473671639,150
36,Type.Defensor,29.15785102964071,2.2118524719945336,32.151850869379174,150
37,Type.Defensor,28.051441500450753,1.200230370750795,31.03490940375075,150.0
38,Type.Defensor,28.051441500450753,1.200230370750795,31.03490940375075,150.0
39,Type.Defensor,28.051441500450753,1.200230370750795,31.03490940375075,150.0
0,Type.Defensor,28.051441500450753,1.200230370750795,31.03490940375075,150.0
1,Type.Defensor,26.79568213035414,2.3551686730938792,29.51129473671639,150
2,Type.Defensor,21.03220939619168,6.104520434230658,22.690841503076236,150
3,Type.Defensor,26.79568213035414,2.3551686730938792,29.51129473671639,150
4,Type.Defensor,28.051441500450753,1.200230370750795,31.03490940375075,150.0
5,Type.Defensor,26.79568213035414,2.3551686730938792,29.51129473671639,150
6,Type.Defensor,26.79568213035414,2.3551686730938792,29.51129473671639,150
7,Type.Defensor,26.79568213035414,2.3551686730938792,29.51129473671639,150
8,Type.Defensor,28.051441500450753,1.200230370750795,31.03490940375075,150.0
9,Type.Defensor,30.562510129162284,2.126629774310274,33.72205239081251,150
10,Type.Defensor,28.8587239658948,1.176569304800193,31.934518928238642,150.0
11,Type.Defensor,26.79568213035414,2.3551686730938792,29.51129473671639,150
12,Type.Defensor,26.79568213035414,2.3551686730938792,29.51129473671639,150
13,Type.Defensor,26.79568213035414,2.3551686730938792,29.51129473671639,150
14,Type.Defensor,26.79568213035414,2.3551686730938792,29.51129473671639,150
15,Type.Defensor,26.79568213035414,2.3551686730938792,29.51129473671639,150
16,Type.Defensor,26.79568213035414,2.3551686730938792,29.51129473671639,150
17,Type.Defensor,26.861709747972913,2.3453474793879727,29.585750000037905,150.0
18,Type.Defensor,29.15785102964071,2.2118524719945336,32.151850869379174,150
19,Type.Defensor,26.79568213035414,2.3551686730938792,29.51129473671639,150
20,Type.Defensor,26.79568213035414,2.3551686730938792,29.51129473671639,150
21,Type.Defensor,28.051441500450753,1.200230370750795,31.03490940375075,150.0
22,Type.Defensor,26.79568213035414,2.3551686730938792,29.51129473671639,150
23,Type.Defensor,26.79568213035414,2.3551686730938792,29.51129473671639,150
24,Type.Defensor,28.051441500450753,1.200230370750795,31.03490940375075,150.0
25,Type.Defensor,28.8587239658948,1.176569304800193,31.934518928238642,150.0
26,Type.Defensor,30.562510129162284,2.126629774310274,33.72205239081251,150
27,Type.Defensor,28.051441500450753,1.200230370750795,31.03490940375075,150.0
28,Type.Defensor,30.562510129162284,2.126629774310274,33.72205239081251,150
29,Type.Defensor,28.8587239658948,1.176569304800193,31.934518928238642,150.0
30,Type.Defensor,28.051441500450753,1.200230370750795,31.03490940375075,150.0
31,Type.Defensor,28.8587239658948,1.176569304800193,31.934518928238642,150.0
32,Type.Defensor,28.051441500450753,1.200230370750795,31.03490940375075,150.0
33,Type.Defensor,28.051441500450753,1.200230370750795,31.03490940375075,150.0
34,Type.Defensor,29.15785102964071,2.2118524719945336,32.151850869379174,150
35,Type.Defensor,28.051441500450753,1.200230370750795,31.03490940375075,150.0
36,Type.Defensor,28.051441500450753,1.200230370750795,31.03490940375075,150.0
37,Type.Defensor,31.011625273749388,2.0993813093940497,34.224096825344425,150
38,Type.Defensor,28.051441500450753,1.200230370750795,31.03490940375075,150.0
39,Type.Defensor,28.051441500450753,1.200230370750795,31.03490940375075,150.0
0,Type.Defensor,28.8587239658948,1.176569304800193,31.934518928238642,150.0
1,Type.Defensor,28.051441500450753,1.200230370750795,31.03490940375075,150.0
2,Type.Defensor,26.79568213035414,2.3551686730938792,29.51129473671639,150
3,Type.Defensor,28.051441500450753,1.200230370750795,31.03490940375075,150.0
4,Type.Defensor,29.15785102964071,2.2118524719945336,32.151850869379174,150
5,Type.Defensor,26.79568213035414,2.3551686730938792,29.51129473671639,150
6,Type.Defensor,28.051441500450753,1.200230370750795,31.03490940375075,150.0
7,Type.Defensor,28.051441500450753,1.200230370750795,31.03490940375075,150.0
8,Type.Defensor,28.051441500450753,1.200230370750795,31.03490940375075,150.0
9,Type.Defensor,29.15785102964071,2.2118524719945336,32.151850869379174,150
10,Type.Defensor,26.79568213035414,2.3551686730938792,29.51129473671639,150
11,Type.Defensor,31.011625273749388,2.0993813093940497,34.224096825344425,150
12,Type.Defensor,26.79568213035414,2.3551686730938792,29.51129473671639,150
13,Type.Defensor,26.79568213035414,2.3551686730938792,29.51129473671639,150
14,Type.Defensor,28.051441500450753,1.200230370750795,31.03490940375075,150.0
15,Type.Defensor,28.051441500450753,1.200230370750795,31.03490940375075,150.0
16,Type.Defensor,26.79568213035414,2.3551686730938792,29.51129473671639,150
17,Type.Defensor,30.562510129162284,2.126629774310274,33.72205239081251,150
18,Type.Defensor,26.79568213035414,2.3551686730938792,29.51129473671639,150
19,Type.Defensor,30.77451883532684,2.1137668996967496,33.95904682817463,150
20,Type.Defensor,28.051441500450753,1.200230370750795,31.03490940375075,150.0
21,Type.Defensor,30.562510129162284,2.126629774310274,33.72205239081251,150
22,Type.Defensor,28.051441500450753,1.200230370750795,31.03490940375075,150.0
23,Type.Defensor,26.8824586635853,2.3964163423313276,29.603130032613517,150.0
24,Type.Defensor,30.77451883532684,2.1137668996967496,33.95904682817463,150
25,Type.Defensor,29.15785102964071,2.2118524719945336,32.151850869379174,150
26,Type.Defensor,30.562510129162284,2.126629774310274,33.72205239081251,150
27,Type.Defensor,30.562510129162284,2.126629774310274,33.72205239081251,150
28,Type.Defensor,30.77451883532684,2.1137668996967496,33.95904682817463,150
29,Type.Defensor,31.011625273749388,2.0993813093940497,34.224096825344425,150
30,Type.Defensor,30.562510129162284,2.126629774310274,33.72205239081251,150
31,Type.Defensor,31.011625273749388,2.0993813093940497,34.224096825344425,150
32,Type.Defensor,28.8587239658948,1.176569304800193,31.934518928238642,150.0
33,Type.Defensor,30.562510129162284,2.126629774310274,33.72205239081251,150
34,Type.Defensor,30.562510129162284,2.126629774310274,33.72205239081251,150
35,Type.Defensor,30.562510129162284,2.126629774310274,33.72205239081251,150
36,Type.Defensor,31.011625273749388,2.0993813093940497,34.224096825344425,150
37,Type.Defensor,30.77451883532684,2.1137668996967496,33.95904682817463,150
38,Type.Defensor,30.562510129162284,2.126629774310274,33.72205239081251,150
39,Type.Defensor,28.8587239658948,1.176569304800193,31.934518928238642,150.0
0,Type.Defensor,30.562510129162284,2.126629774310274,33.72205239081251,150
1,Type.Defensor,28.051441500450753,1.200230370750795,31.03490940375075,150.0
2,Type.Defensor,24.088750026915214,2.5194021560662,26.485344234787327,150
3,Type.Defensor,30.562510129162284,2.126629774310274,33.72205239081251,150
4,Type.Defensor,30.562510129162284,2.126629774310274,33.72205239081251,150
5,Type.Defensor,31.011625273749388,2.0993813093940497,34.224096825344425,150
6,Type.Defensor,28.051441500450753,1.200230370750795,31.03490940375075,150.0
7,Type.Defensor,25.274369889085254,3.918854658395054,27.6472049147175,150.0
8,Type.Defensor,29.787544180086257,2.5452908839540194,32.81446121298984,150.0
9,Type.Defensor,28.051441500450753,1.200230370750795,31.03490940375075,150.0
10,Type.Defensor,31.258476536489813,1.73263240759234,34.539125884145086,150.0
11,Type.Defensor,30.666707549459954,2.1203079662270654,33.83852972537472,150
12,Type.Defensor,29.15785102964071,2.2118524719945336,32.151850869379174,150
13,Type.Defensor,24.088750026915214,2.5194021560662,26.485344234787327,150
14,Type.Defensor,30.77451883532684,2.1137668996967496,33.95904682817463,150
15,Type.Defensor,28.051441500450753,1.200230370750795,31.03490940375075,150.0
16,Type.Defensor,30.562510129162284,2.126629774310274,33.72205239081251,150
17,Type.Defensor,30.562510129162284,2.126629774310274,33.72205239081251,150
18,Type.Defensor,28.8587239658948,1.176569304800193,31.934518928238642,150.0
19,Type.Defensor,30.562510129162284,2.126629774310274,33.72205239081251,150
20,Type.Defensor,26.79568213035414,2.3551686730938792,29.51129473671639,150
21,Type.Defensor,30.666707549459954,2.1203079662270654,33.83852972537472,150
22,Type.Defensor,24.088750026915214,2.5194021560662,26.485344234787327,150
23,Type.Defensor,30.666707549459954,2.1203079662270654,33.83852972537472,150
24,Type.Defensor,31.011625273749388,2.0993813093940497,34.224096825344425,150
25,Type.Defensor,31.117965990502313,1.1103519932261012,34.452145323533,150.0
26,Type.Defensor,31.117965990502313,1.1103519932261012,34.452145323533,150.0
27,Type.Defensor,31.117965990502313,1.1103519932261012,34.452145323533,150.0
28,Type.Defensor,31.011625273749388,2.0993813093940497,34.224096825344425,150
29,Type.Defensor,31.011625273749388,2.0993813093940497,34.224096825344425,150
30,Type.Defensor,31.258476536489813,1.73263240759234,34.539125884145086,150.0
31,Type.Defensor,31.011625273749388,2.0993813093940497,34.224096825344425,150
32,Type.Defensor,31.117965990502313,1.1103519932261012,34.452145323533,150.0
33,Type.Defensor,31.258476536489813,1.73263240759234,34.539125884145086,150.0
34,Type.Defensor,31.117965990502313,1.1103519932261012,34.452145323533,150.0
35,Type.Defensor,30.77451883532684,2.1137668996967496,33.95904682817463,150
36,Type.Defensor,31.011625273749388,2.0993813093940497,34.224096825344425,150
37,Type.Defensor,30.77451883532684,2.1137668996967496,33.95904682817463,150
38,Type.Defensor,30.77451883532684,2.1137668996967496,33.95904682817463,150
39,Type.Defensor,31.011625273749388,2.0993813093940497,34.224096825344425,150
0,Type.Defensor,30.666707549459954,2.1203079662270654,33.83852972537472,150
1,Type.Defensor,31.011625273749388,2.0993813093940497,34.224096825344425,150
2,Type.Defensor,30.562510129162284,2.126629774310274,33.72205239081251,150
3,Type.Defensor,31.258476536489813,1.73263240759234,34.539125884145086,150.0
4,Type.Defensor,30.666707549459954,2.1203079662270654,33.83852972537472,150
5,Type.Defensor,31.011625273749388,2.0993813093940497,34.224096825344425,150
6,Type.Defensor,31.117965990502313,1.1103519932261012,34.452145323533,150.0
7,Type.Defensor,29.15785102964071,2.2118524719945336,32.151850869379174,150
8,Type.Defensor,28.8587239658948,1.176569304800193,31.934518928238642,150.0
9,Type.Defensor,30.37567511030477,1.775915428216631,33.55342618609234,150.0
10,Type.Defensor,30.893954096887022,2.106520589761299,34.09255781990099,150
11,Type.Defensor,28.8587239658948,1.176569304800193,31.934518928238642,150.0
12,Type.Defensor,30.37567511030477,1.775915428216631,33.55342618609234,150.0
13,Type.Defensor,24.156033092506995,6.30355706891168,26.139641539573137,150.0
14,Type.Defensor,31.011625273749388,2.0993813093940497,34.224096825344425,150
15,Type.Defensor,31.189261732522,1.0404843679141895,34.539125884145086,150.0
16,Type.Defensor,31.18450651786535,1.1084017219471902,34.52629593963403,150.0
17,Type.Defensor,31.011625273749388,2.0993813093940497,34.224096825344425,150
18,Type.Defensor,29.15785102964071,2.2118524719945336,32.151850869379174,150
19,Type.Defensor,31.117965990502313,1.1103519932261012,34.452145323533,150.0
20,Type.Defensor,30.666707549459954,2.1203079662270654,33.83852972537472,150
21,Type.Defensor,31.18450651786535,1.1084017219471902,34.52629593963403,150.0
22,Type.Defensor,31.011625273749388,2.0993813093940497,34.224096825344425,150
23,Type.Defensor,30.77451883532684,2.1137668996967496,33.95904682817463,150
24,Type.Defensor,31.258476536489813,1.73263240759234,34.539125884145086,150.0
25,Type.Defensor,31.18450651786535,1.1084017219471902,34.52629593963403,150.0
26,Type.Defensor,31.258476536489813,1.73263240759234,34.539125884145086,150.0
27,Type.Defensor,31.117965990502313,1.1103519932261012,34.452145323533,150.0
28,Type.Defensor,31.258476536489813,1.73263240759234,34.539125884145086,150.0
29,Type.Defensor,31.117965990502313,1.1103519932261012,34.452145323533,150.0
30,Type.Defensor,31.258476536489813,1.73263240759234,34.539125884145086,150.0
31,Type.Defensor,31.117965990502313,1.1103519932261012,34.452145323533,150.0
32,Type.Defensor,31.117965990502313,1.1103519932261012,34.452145323533,150.0
33,Type.Defensor,31.117965990502313,1.1103519932261012,34.452145323533,150.0
34,Type.Defensor,31.258476536489813,1.73263240759234,34.539125884145086,150.0
35,Type.Defensor,31.258476536489813,1.73263240759234,34.539125884145086,150.0
36,Type.Defensor,31.18450651786535,1.1084017219471902,34.52629593963403,150.0
37,Type.Defensor,31.18450651786535,1.1084017219471902,34.52629593963403,150.0
38,Type.Defensor,31.258476536489813,1.73263240759234,34.539125884145086,150.0
39,Type.Defensor,31.117965990502313,1.1103519932261012,34.452145323533,150.0
0,Type.Defensor,31.117965990502313,1.1103519932261012,34.452145323533,150.0
1,Type.Defensor,31.011625273749388,2.0993813093940497,34.224096825344425,150
2,Type.Defensor,31.258476536489813,1.73263240759234,34.539125884145086,150.0
3,Type.Defensor,31.258476536489813,1.73263240759234,34.539125884145086,150.0
4,Type.Defensor,31.117965990502313,1.1103519932261012,34.452145323533,150.0
5,Type.Defensor,31.117965990502313,1.1103519932261012,34.452145323533,150.0
6,Type.Defensor,24.156033092506995,6.30355706891168,26.139641539573137,150.0
7,Type.Defensor,31.258476536489813,1.73263240759234,34.539125884145086,150.0
8,Type.Defensor,31.258476536489813,1.73263240759234,34.539125884145086,150.0
9,Type.Defensor,31.18450651786535,1.1084017219471902,34.52629593963403,150.0
10,Type.Defensor,31.117965990502313,1.1103519932261012,34.452145323533,150.0
11,Type.Defensor,31.258476536489813,1.73263240759234,34.539125884145086,150.0
12,Type.Defensor,30.37567511030477,1.775915428216631,33.55342618609234,150.0
13,Type.Defensor,31.117965990502313,1.1103519932261012,34.452145323533,150.0
14,Type.Defensor,31.258476536489813,1.73263240759234,34.539125884145086,150.0
15,Type.Defensor,31.011625273749388,2.0993813093940497,34.224096825344425,150
16,Type.Defensor,30.562510129162284,2.126629774310274,33.72205239081251,150
17,Type.Defensor,29.15785102964071,2.2118524719945336,32.151850869379174,150
18,Type.Defensor,31.189261732522,1.0404843679141895,34.539125884145086,150.0
19,Type.Defensor,31.117965990502313,1.1103519932261012,34.452145323533,150.0
20,Type.Defensor,31.117965990502313,1.1103519932261012,34.452145323533,150.0
21,Type.Defensor,25.270089564381347,3.465315385048116,27.69284225097393,150.0
22,Type.Defensor,24.156033092506995,6.30355706891168,26.139641539573137,150.0
23,Type.Defensor,29.15785102964071,2.2118524719945336,32.151850869379174,150
24,Type.Defensor,31.258476536489813,1.73263240759234,34.539125884145086,150.0
25,Type.Defensor,31.432475913703083,1.7241013626606605,34.73340641937446,150.0
26,Type.Defensor,31.258476536489813,1.73263240759234,34.539125884145086,150.0
27,Type.Defensor,31.432475913703083,1.7241013626606605,34.73340641937446,150.0
28,Type.Defensor,32.369517934843586,1.6179272300492085,35.7863613464874,150.0
29,Type.Defensor,31.189261732522,1.0404843679141895,34.539125884145086,150.0
30,Type.Defensor,31.258476536489813,1.73263240759234,34.539125884145086,150.0
31,Type.Defensor,31.258476536489813,1.73263240759234,34.539125884145086,150.0
32,Type.Defensor,31.258476536489813,1.73263240759234,34.539125884145086,150.0
33,Type.Defensor,31.258476536489813,1.73263240759234,34.539125884145086,150.0
34,Type.Defensor,32.369517934843586,1.6179272300492085,35.7863613464874,150.0
35,Type.Defensor,31.258476536489813,1.73263240759234,34.539125884145086,150.0
36,Type.Defensor,31.258476536489813,1.73263240759234,34.539125884145086,150.0
37,Type.Defensor,31.258476536489813,1.73263240759234,34.539125884145086,150.0
38,Type.Defensor,31.258476536489813,1.73263240759234,34.539125884145086,150.0
39,Type.Defensor,31.258476536489813,1.73263240759234,34.539125884145086,150.0
0,Type.Defensor,31.189261732522,1.0404843679141895,34.539125884145086,150.0
1,Type.Defensor,24.156033092506995,6.30355706891168,26.139641539573137,150.0
2,Type.Defensor,31.117965990502313,1.1103519932261012,34.452145323533,150.0
3,Type.Defensor,31.011625273749388,2.0993813093940497,34.224096825344425,150
4,Type.Defensor,31.258476536489813,1.73263240759234,34.539125884145086,150.0
5,Type.Defensor,31.189261732522,1.0404843679141895,34.539125884145086,150.0
6,Type.Defensor,31.432475913703083,1.7241013626606605,34.73340641937446,150.0
7,Type.Defensor,31.258476536489813,1.73263240759234,34.539125884145086,150.0
8,Type.Defensor,32.369517934843586,1.6179272300492085,35.7863613464874,150.0
9,Type.Defensor,31.258476536489813,1.73263240759234,34.539125884145086,150.0
10,Type.Defensor,31.258476536489813,1.73263240759234,34.539125884145086,150.0
11,Type.Defensor,31.432475913703083,1.7241013626606605,34.73340641937446,150.0
12,Type.Defensor,24.156033092506995,6.30355706891168,26.139641539573137,150.0
13,Type.Defensor,32.369517934843586,1.6179272300492085,35.7863613464874,150.0
14,Type.Defensor,30.562510129162284,2.126629774310274,33.72205239081251,150
15,Type.Defensor,31.431543914592126,1.724147057802903,34.7323657875687,150.0
16,Type.Defensor,31.011625273749388,2.0993813093940497,34.224096825344425,150
17,Type.Defensor,31.258476536489813,1.73263240759234,34.539125884145086,150.0
18,Type.Defensor,31.258476536489813,1.73263240759234,34.539125884145086,150.0
19,Type.Defensor,29.15785102964071,2.2118524719945336,32.151850869379174,150
20,Type.Defensor,31.258476536489813,1.73263240759234,34.539125884145086,150.0
21,Type.Defensor,17.70500134283391,3.513869316044184,19.281793790254987,150.0
22,Type.Defensor,31.258476536489813,1.73263240759234,34.539125884145086,150.0
23,Type.Defensor,31.117965990502313,1.1103519932261012,34.452145323533,150.0
24,Type.Defensor,32.369517934843586,1.6179272300492085,35.7863613464874,150.0
25,Type.Defensor,31.43282979433208,1.7240840121873728,34.73380154790371,150.0
26,Type.Defensor,31.258476536489813,1.73263240759234,34.539125884145086,150.0
27,Type.Defensor,31.432475913703083,1.7241013626606605,34.73340641937446,150.0
28,Type.Defensor,31.258476536489813,1.73263240759234,34.539125884145086,150.0
29,Type.Defensor,32.369517934843586,1.6179272300492085,35.7863613464874,150.0
30,Type.Defensor,31.258476536489813,1.73263240759234,34.539125884145086,150.0
31,Type.Defensor,32.369517934843586,1.6179272300492085,35.7863613464874,150.0
32,Type.Defensor,31.258476536489813,1.73263240759234,34.539125884145086,150.0
33,Type.Defensor,32.369517934843586,1.6179272300492085,35.7863613464874,150.0
34,Type.Defensor,32.706318201267955,2.2761372362786925,36.08744941960009,150.0
35,Type.Defensor,31.431543914592126,1.724147057802903,34.7323657875687,150.0
36,Type.Defensor,31.432475913703083,1.7241013626606605,34.73340641937446,150.0
37,Type.Defensor,32.369517934843586,1.6179272300492085,35.7863613464874,150.0
38,Type.Defensor,31.258476536489813,1.73263240759234,34.539125884145086,150.0
39,Type.Defensor,31.432475913703083,1.7241013626606605,34.73340641937446,150.0
0,Type.Defensor,28.693776597653848,1.1612544643913958,31.752945723571898,150.0
1,Type.Defensor,32.706318201267955,2.2761372362786925,36.08744941960009,150.0
2,Type.Defensor,32.369517934843586,1.6179272300492085,35.7863613464874,150.0
3,Type.Defensor,31.432475913703083,1.7241013626606605,34.73340641937446,150.0
4,Type.Defensor,32.369517934843586,1.6179272300492085,35.7863613464874,150.0
5,Type.Defensor,31.732864574970872,0.9823262886353581,35.149591051230374,150.0
6,Type.Defensor,31.258476536489813,1.73263240759234,34.539125884145086,150.0
7,Type.Defensor,32.369517934843586,1.6179272300492085,35.7863613464874,150.0
8,Type.Defensor,31.258476536489813,1.73263240759234,34.539125884145086,150.0
9,Type.Defensor,19.52975218556367,3.286216351775685,21.334589500429,150.0
10,Type.Defensor,31.432475913703083,1.7241013626606605,34.73340641937446,150.0
11,Type.Defensor,32.369517934843586,1.6179272300492085,35.7863613464874,150.0
12,Type.Defensor,32.706318201267955,2.2761372362786925,36.08744941960009,150.0
13,Type.Defensor,29.15785102964071,2.2118524719945336,32.151850869379174,150
14,Type.Defensor,31.432475913703083,1.7241013626606605,34.73340641937446,150.0
15,Type.Defensor,32.706318201267955,2.2761372362786925,36.08744941960009,150.0
16,Type.Defensor,24.156033092506995,6.30355706891168,26.139641539573137,150.0
17,Type.Defensor,31.117965990502313,1.1103519932261012,34.452145323533,150.0
18,Type.Defensor,32.369517934843586,1.6179272300492085,35.7863613464874,150.0
19,Type.Defensor,30.321847585176844,1.5982676061383936,33.51335647173667,150.0
20,Type.Defensor,32.369517934843586,1.6179272300492085,35.7863613464874,150.0
21,Type.Defensor,31.387428807071938,1.2736302963491977,34.73340641937446,150.0
22,Type.Defensor,32.29256609790959,1.587650257512913,35.70422341350922,150.0
23,Type.Defensor,31.258476536489813,1.73263240759234,34.539125884145086,150.0
24,Type.Defensor,32.369517934843586,1.6179272300492085,35.7863613464874,150.0
25,Type.Defensor,32.369517934843586,1.6179272300492085,35.7863613464874,150.0
26,Type.Defensor,32.369517934843586,1.6179272300492085,35.7863613464874,150.0
27,Type.Defensor,32.369517934843586,1.6179272300492085,35.7863613464874,150.0
28,Type.Defensor,34.11179942255896,1.724147057802903,37.710427463087406,150.0
29,Type.Defensor,32.706318201267955,2.2761372362786925,36.08744941960009,150.0
30,Type.Defensor,32.369517934843586,1.6179272300492085,35.7863613464874,150.0
31,Type.Defensor,32.369517934843586,1.6179272300492085,35.7863613464874,150.0
32,Type.Defensor,32.369517934843586,1.6179272300492085,35.7863613464874,150.0
33,Type.Defensor,32.369517934843586,1.6179272300492085,35.7863613464874,150.0
34,Type.Defensor,32.706318201267955,2.2761372362786925,36.08744941960009,150.0
35,Type.Defensor,32.369517934843586,1.6179272300492085,35.7863613464874,150.0
36,Type.Defensor,34.11179942255896,1.724147057802903,37.710427463087406,150.0
37,Type.Defensor,32.4864351009551,2.5685984630365706,35.810639171834936,150.0
38,Type.Defensor,32.706318201267955,2.2761372362786925,36.08744941960009,150.0
39,Type.Defensor,32.369517934843586,1.6179272300492085,35.7863613464874,150.0
0,Type.Defensor,26.646589276838487,4.409277798222478,29.117401663351377,150.0
1,Type.Defensor,31.258476536489813,1.73263240759234,34.539125884145086,150.0
2,Type.Defensor,27.968355539675144,4.443034505638817,30.58228009901251,150.0
3,Type.Defensor,32.706318201267955,2.2761372362786925,36.08744941960009,150.0
4,Type.Defensor,32.369517934843586,1.6179272300492085,35.7863613464874,150.0
5,Type.Defensor,35.12574277269193,2.2761372362786925,38.77569894340451,150.0
6,Type.Defensor,32.706318201267955,2.2761372362786925,36.08744941960009,150.0
7,Type.Defensor,32.369517934843586,1.6179272300492085,35.7863613464874,150.0
8,Type.Defensor,32.369517934843586,1.6179272300492085,35.7863613464874,150.0
9,Type.Defensor,32.369517934843586,1.6179272300492085,35.7863613464874,150.0
10,Type.Defensor,32.706318201267955,2.2761372362786925,36.08744941960009,150.0
11,Type.Defensor,31.258476536489813,1.73263240759234,34.539125884145086,150.0
12,Type.Defensor,19.52975218556367,3.286216351775685,21.334589500429,150.0
13,Type.Defensor,31.89489081865733,1.3517696114678783,35.28857095278949,150.0
14,Type.Defensor,31.258476536489813,1.73263240759234,34.539125884145086,150.0
15,Type.Defensor,34.11179942255896,1.724147057802903,37.710427463087406,150.0
16,Type.Defensor,32.706318201267955,2.2761372362786925,36.08744941960009,150.0
17,Type.Defensor,19.52975218556367,3.286216351775685,21.334589500429,150.0
18,Type.Defensor,29.15785102964071,2.2118524719945336,32.151850869379174,150
19,Type.Defensor,32.369517934843586,1.6179272300492085,35.7863613464874,150.0
20,Type.Defensor,32.706318201267955,2.2761372362786925,36.08744941960009,150.0
21,Type.Defensor,32.369517934843586,1.6179272300492085,35.7863613464874,150.0
22,Type.Defensor,32.369517934843586,1.6179272300492085,35.7863613464874,150.0
23,Type.Defensor,32.369517934843586,1.6179272300492085,35.7863613464874,150.0
24,Type.Defensor,32.98162345647596,1.310752752319159,36.500609090271155,150.0
25,Type.Defensor,34.11179942255896,1.724147057802903,37.710427463087406,150.0
26,Type.Defensor,35.12574277269193,2.2761372362786925,38.77569894340451,150.0
27,Type.Defensor,35.12574277269193,2.2761372362786925,38.77569894340451,150.0
28,Type.Defensor,35.12574277269193,2.2761372362786925,38.77569894340451,150.0
29,Type.Defensor,32.706318201267955,2.2761372362786925,36.08744941960009,150.0
30,Type.Defensor,32.69754170922437,1.264912739202707,36.19005603922677,150.0
31,Type.Defensor,32.706318201267955,2.2761372362786925,36.08744941960009,150.0
32,Type.Defensor,34.11179942255896,1.724147057802903,37.710427463087406,150.0
33,Type.Defensor,35.12574277269193,2.2761372362786925,38.77569894340451,150.0
34,Type.Defensor,35.12574277269193,2.2761372362786925,38.77569894340451,150.0
35,Type.Defensor,34.11179942255896,1.724147057802903,37.710427463087406,150.0
36,Type.Defensor,34.11179942255896,1.724147057802903,37.710427463087406,150.0
37,Type.Defensor,32.69754170922437,1.264912739202707,36.19005603922677,150.0
38,Type.Defensor,32.706318201267955,2.2761372362786925,36.08744941960009,150.0
39,Type.Defensor,32.369517934843586,1.6179272300492085,35.7863613464874,150.0
0,Type.Defensor,27.968355539675144,4.443034505638817,30.58228009901251,150.0
1,Type.Defensor,32.706318201267955,2.2761372362786925,36.08744941960009,150.0
2,Type.Defensor,32.706318201267955,2.2761372362786925,36.08744941960009,150.0
3,Type.Defensor,32.706318201267955,2.2761372362786925,36.08744941960009,150.0
4,Type.Defensor,34.11179942255896,1.724147057802903,37.710427463087406,150.0
5,Type.Defensor,34.11179942255896,1.724147057802903,37.710427463087406,150.0
6,Type.Defensor,34.11616675003138,1.7239499176536845,37.71530195362891,150.0
7,Type.Defensor,35.12574277269193,2.2761372362786925,38.77569894340451,150.0
8,Type.Defensor,34.11179942255896,1.724147057802903,37.710427463087406,150.0
9,Type.Defensor,32.706318201267955,2.2761372362786925,36.08744941960009,150.0
10,Type.Defensor,34.11179942255896,1.724147057802903,37.710427463087406,150.0
11,Type.Defensor,20.23808441524157,2.526178198658985,22.206073994861857,150.0
12,Type.Defensor,32.706318201267955,2.2761372362786925,36.08744941960009,150.0
13,Type.Defensor,35.12574277269193,2.2761372362786925,38.77569894340451,150.0
14,Type.Defensor,32.706318201267955,2.2761372362786925,36.08744941960009,150.0
15,Type.Defensor,34.11179942255896,1.724147057802903,37.710427463087406,150.0
16,Type.Defensor,35.12574277269193,2.2761372362786925,38.77569894340451,150.0
17,Type.Defensor,32.706318201267955,2.2761372362786925,36.08744941960009,150.0
18,Type.Defensor,34.11179942255896,1.724147057802903,37.710427463087406,150.0
19,Type.Defensor,35.12574277269193,2.2761372362786925,38.77569894340451,150.0
20,Type.Defensor,32.706318201267955,2.2761372362786925,36.08744941960009,150.0
21,Type.Defensor,22.469290936807198,3.753352504338877,24.5488396515259,150.0
22,Type.Defensor,32.369517934843586,1.6179272300492085,35.7863613464874,150.0
23,Type.Defensor,32.369517934843586,1.6179272300492085,35.7863613464874,150.0
24,Type.Defensor,35.12574277269193,2.2761372362786925,38.77569894340451,150.0
25,Type.Defensor,35.12574277269193,2.2761372362786925,38.77569894340451,150.0
26,Type.Defensor,35.12574277269193,2.2761372362786925,38.77569894340451,150.0
27,Type.Defensor,35.12574277269193,2.2761372362786925,38.77569894340451,150.0
28,Type.Defensor,35.12574277269193,2.2761372362786925,38.77569894340451,150.0
29,Type.Defensor,35.12574277269193,2.2761372362786925,38.77569894340451,150.0
30,Type.Defensor,34.11616675003138,1.7239499176536845,37.71530195362891,150.0
31,Type.Defensor,35.12574277269193,2.2761372362786925,38.77569894340451,150.0
32,Type.Defensor,34.11179942255896,1.724147057802903,37.710427463087406,150.0
33,Type.Defensor,35.12574277269193,2.2761372362786925,38.77569894340451,150.0
34,Type.Defensor,35.12574277269193,2.2761372362786925,38.77569894340451,150.0
35,Type.Defensor,34.11179942255896,1.724147057802903,37.710427463087406,150.0
36,Type.Defensor,34.11179942255896,1.724147057802903,37.710427463087406,150.0
37,Type.Defensor,34.11179942255896,1.724147057802903,37.710427463087406,150.0
38,Type.Defensor,34.11616675003138,1.7239499176536845,37.71530195362891,150.0
39,Type.Defensor,34.11616675003138,1.7239499176536845,37.71530195362891,150.0
0,Type.Defensor,20.23808441524157,2.526178198658985,22.206073994861857,150.0
1,Type.Defensor,34.11179942255896,1.724147057802903,37.710427463087406,150.0
2,Type.Defensor,32.67188065779147,2.278284777600764,36.04894686670154,150.0
3,Type.Defensor,34.11179942255896,1.724147057802903,37.710427463087406,150.0
4,Type.Defensor,32.706318201267955,2.2761372362786925,36.08744941960009,150.0
5,Type.Defensor,35.12574277269193,2.2761372362786925,38.77569894340451,150.0
6,Type.Defensor,35.12574277269193,2.2761372362786925,38.77569894340451,150.0
7,Type.Defensor,32.72294682786051,2.247762987839319,36.10907836564064,150.0
8,Type.Defensor,34.11179942255896,1.724147057802903,37.710427463087406,150.0
9,Type.Defensor,35.12574277269193,2.2761372362786925,38.77569894340451,150.0
10,Type.Defensor,35.12574277269193,2.2761372362786925,38.77569894340451,150.0
11,Type.Defensor,35.12574277269193,2.2761372362786925,38.77569894340451,150.0
12,Type.Defensor,34.11179942255896,1.724147057802903,37.710427463087406,150.0
13,Type.Defensor,34.11179942255896,1.724147057802903,37.710427463087406,150.0
14,Type.Defensor,35.12574277269193,2.2761372362786925,38.77569894340451,150.0
15,Type.Defensor,32.369517934843586,1.6179272300492085,35.7863613464874,150.0
16,Type.Defensor,35.12574277269193,2.2761372362786925,38.77569894340451,150.0
17,Type.Defensor,35.12574277269193,2.2761372362786925,38.77569894340451,150.0
18,Type.Defensor,32.706318201267955,2.2761372362786925,36.08744941960009,150.0
19,Type.Defensor,32.706318201267955,2.2761372362786925,36.08744941960009,150.0
20,Type.Defensor,32.58919109147054,2.2761372362786925,35.95730818649186,150.0
21,Type.Defensor,34.11616675003138,1.7239499176536845,37.71530195362891,150.0
22,Type.Defensor,34.11179942255896,1.724147057802903,37.710427463087406,150.0
23,Type.Defensor,35.12574277269193,2.2761372362786925,38.77569894340451,150.0
24,Type.Defensor,35.12574277269193,2.2761372362786925,38.77569894340451,150.0
25,Type.Defensor,35.714375825998395,2.082098826788871,39.45129549257723,150.0
26,Type.Defensor,35.12574277269193,2.2761372362786925,38.77569894340451,150.0
27,Type.Defensor,35.12574277269193,2.2761372362786925,38.77569894340451,150.0
28,Type.Defensor,35.12574277269193,2.2761372362786925,38.77569894340451,150.0
29,Type.Defensor,35.12574277269193,2.2761372362786925,38.77569894340451,150.0
30,Type.Defensor,34.11616675003138,1.7239499176536845,37.71530195362891,150.0
31,Type.Defensor,35.12574277269193,2.2761372362786925,38.77569894340451,150.0
32,Type.Defensor,36.23489113321872,1.8723367463010905,40.05295273176512,150.0
33,Type.Defensor,36.23489113321872,1.8723367463010905,40.05295273176512,150.0
34,Type.Defensor,35.12574277269193,2.2761372362786925,38.77569894340451,150.0
35,Type.Defensor,35.12574277269193,2.2761372362786925,38.77569894340451,150.0
36,Type.Defensor,35.12574277269193,2.2761372362786925,38.77569894340451,150.0
37,Type.Defensor,34.11179942255896,1.724147057802903,37.710427463087406,150.0
38,Type.Defensor,36.23489113321872,1.8723367463010905,40.05295273176512,150.0
39,Type.Defensor,35.12574277269193,2.2761372362786925,38.77569894340451,150.0
0,Type.Defensor,35.12574277269193,2.2761372362786925,38.77569894340451,150.0
1,Type.Defensor,34.11179942255896,1.724147057802903,37.710427463087406,150.0
2,Type.Defensor,33.802890613006625,1.738091129822791,37.36564611113816,150.0
3,Type.Defensor,35.12574277269193,2.2761372362786925,38.77569894340451,150.0
4,Type.Defensor,32.369517934843586,1.6179272300492085,35.7863613464874,150.0
5,Type.Defensor,35.12574277269193,2.2761372362786925,38.77569894340451,150.0
6,Type.Defensor,32.67188065779147,2.278284777600764,36.04894686670154,150.0
7,Type.Defensor,35.12574277269193,2.2761372362786925,38.77569894340451,150.0
8,Type.Defensor,36.23489113321872,1.8723367463010905,40.05295273176512,150.0
9,Type.Defensor,36.323947407679434,1.8723367463010905,40.15190414783258,150.0
10,Type.Defensor,35.12574277269193,2.2761372362786925,38.77569894340451,150.0
11,Type.Defensor,35.12574277269193,2.2761372362786925,38.77569894340451,150.0
12,Type.Defensor,35.12574277269193,2.2761372362786925,38.77569894340451,150.0
13,Type.Defensor,35.12574277269193,2.2761372362786925,38.77569894340451,150.0
14,Type.Defensor,34.11179942255896,1.724147057802903,37.710427463087406,150.0
15,Type.Defensor,33.37618968526426,2.183606285045422,36.842032285288575,150.0
16,Type.Defensor,35.12574277269193,2.2761372362786925,38.77569894340451,150.0
17,Type.Defensor,32.706318201267955,2.2761372362786925,36.08744941960009,150.0
18,Type.Defensor,35.12574277269193,2.2761372362786925,38.77569894340451,150.0
19,Type.Defensor,35.12574277269193,2.2761372362786925,38.77569894340451,150.0
20,Type.Defensor,32.706318201267955,2.2761372362786925,36.08744941960009,150.0
21,Type.Defensor,35.714375825998395,2.082098826788871,39.45129549257723,150.0
22,Type.Defensor,36.23489113321872,1.8723367463010905,40.05295273176512,150.0
23,Type.Defensor,35.714375825998395,2.082098826788871,39.45129549257723,150.0
24,Type.Defensor,35.12574277269193,2.2761372362786925,38.77569894340451,150.0
25,Type.Defensor,35.12574277269193,2.2761372362786925,38.77569894340451,150.0
26,Type.Defensor,35.12574277269193,2.2761372362786925,38.77569894340451,150.0
27,Type.Defensor,36.23489113321872,1.8723367463010905,40.05295273176512,150.0
28,Type.Defensor,36.23489113321872,1.8723367463010905,40.05295273176512,150.0
29,Type.Defensor,36.23489113321872,1.8723367463010905,40.05295273176512,150.0
30,Type.Defensor,36.23489113321872,1.8723367463010905,40.05295273176512,150.0
31,Type.Defensor,36.323947407679434,1.8723367463010905,40.15190414783258,150.0
32,Type.Defensor,36.23489113321872,1.8723367463010905,40.05295273176512,150.0
33,Type.Defensor,36.23489113321872,1.8723367463010905,40.05295273176512,150.0
34,Type.Defensor,35.714375825998395,2.082098826788871,39.45129549257723,150.0
35,Type.Defensor,36.23489113321872,1.8723367463010905,40.05295273176512,150.0
36,Type.Defensor,35.12574277269193,2.2761372362786925,38.77569894340451,150.0
37,Type.Defensor,35.12574277269193,2.2761372362786925,38.77569894340451,150.0
38,Type.Defensor,35.12574277269193,2.2761372362786925,38.77569894340451,150.0
39,Type.Defensor,36.23489113321872,1.8723367463010905,40.05295273176512,150.0
0,Type.Defensor,32.63218530939127,2.345521592670658,35.997370166804664,150.0
1,Type.Defensor,35.12574277269193,2.2761372362786925,38.77569894340451,150.0
2,Type.Defensor,35.12574277269193,2.2761372362786925,38.77569894340451,150.0
3,Type.Defensor,35.12574277269193,2.2761372362786925,38.77569894340451,150.0
4,Type.Defensor,36.23489113321872,1.8723367463010905,40.05295273176512,150.0
5,Type.Defensor,36.23489113321872,1.8723367463010905,40.05295273176512,150.0
6,Type.Defensor,34.42957684456366,1.9531555042472635,38.03806810459882,150.0
7,Type.Defensor,35.12574277269193,2.2761372362786925,38.77569894340451,150.0
8,Type.Defensor,35.12574277269193,2.2761372362786925,38.77569894340451,150.0
9,Type.Defensor,35.12574277269193,2.2761372362786925,38.77569894340451,150.0
10,Type.Defensor,35.12574277269193,2.2761372362786925,38.77569894340451,150.0
11,Type.Defensor,35.12574277269193,2.2761372362786925,38.77569894340451,150.0
12,Type.Defensor,35.714375825998395,2.082098826788871,39.45129549257723,150.0
13,Type.Defensor,36.23489113321872,1.8723367463010905,40.05295273176512,150.0
14,Type.Defensor,32.67188065779147,2.278284777600764,36.04894686670154,150.0
15,Type.Defensor,36.23489113321872,1.8723367463010905,40.05295273176512,150.0
16,Type.Defensor,35.12574277269193,2.2761372362786925,38.77569894340451,150.0
17,Type.Defensor,32.2574736092893,2.0823558000374653,35.61026447698395,150.0
18,Type.Defensor,35.12574277269193,2.2761372362786925,38.77569894340451,150.0
19,Type.Defensor,36.23489113321872,1.8723367463010905,40.05295273176512,150.0
20,Type.Defensor,36.23489113321872,1.8723367463010905,40.05295273176512,150.0
21,Type.Defensor,32.706318201267955,2.2761372362786925,36.08744941960009,150.0
22,Type.Defensor,35.714375825998395,2.082098826788871,39.45129549257723,150.0
23,Type.Defensor,35.714375825998395,2.082098826788871,39.45129549257723,150.0
24,Type.Defensor,36.23489113321872,1.8723367463010905,40.05295273176512,150.0
25,Type.Defensor,36.323947407679434,1.8723367463010905,40.15190414783258,150.0
26,Type.Defensor,36.323947407679434,1.8723367463010905,40.15190414783258,150.0
27,Type.Defensor,36.23489113321872,1.8723367463010905,40.05295273176512,150.0
28,Type.Defensor,36.323947407679434,1.8723367463010905,40.15190414783258,150.0
29,Type.Defensor,36.23489113321872,1.8723367463010905,40.05295273176512,150.0
30,Type.Defensor,36.23489113321872,1.8723367463010905,40.05295273176512,150.0
31,Type.Defensor,36.23489113321872,1.8723367463010905,40.05295273176512,150.0
32,Type.Defensor,36.323947407679434,1.8723367463010905,40.15190414783258,150.0
33,Type.Defensor,36.23489113321872,1.8723367463010905,40.05295273176512,150.0
34,Type.Defensor,36.23489113321872,1.8723367463010905,40.05295273176512,150.0
35,Type.Defensor,36.23489113321872,1.8723367463010905,40.05295273176512,150.0
36,Type.Defensor,36.23489113321872,1.8723367463010905,40.05295273176512,150.0
37,Type.Defensor,36.23489113321872,1.8723367463010905,40.05295273176512,150.0
38,Type.Defensor,36.23489113321872,1.8723367463010905,40.05295273176512,150.0
39,Type.Defensor,36.23489113321872,1.8723367463010905,40.05295273176512,150.0
0,Type.Defensor,34.42718817863938,1.9292688450044533,38.03806810459882,150.0
1,Type.Defensor,35.12574277269193,2.2761372362786925,38.77569894340451,150.0
2,Type.Defensor,32.63218530939127,2.345521592670658,35.997370166804664,150.0
3,Type.Defensor,34.63171608182281,2.286840206166771,38.22559117911793,150.0
4,Type.Defensor,34.928254647725026,2.2875939268807994,38.55499472781882,150.0
5,Type.Defensor,36.23489113321872,1.8723367463010905,40.05295273176512,150.0
6,Type.Defensor,36.23489113321872,1.8723367463010905,40.05295273176512,150.0
7,Type.Defensor,35.12574277269193,2.2761372362786925,38.77569894340451,150.0
8,Type.Defensor,36.23489113321872,1.8723367463010905,40.05295273176512,150.0
9,Type.Defensor,36.23489113321872,1.8723367463010905,40.05295273176512,150.0
10,Type.Defensor,36.23489113321872,1.8723367463010905,40.05295273176512,150.0
11,Type.Defensor,34.9187016235929,1.9330711103720737,38.58377168061744,150.0
12,Type.Defensor,36.323947407679434,1.8723367463010905,40.15190414783258,150.0
13,Type.Defensor,36.23489113321872,1.8723367463010905,40.05295273176512,150.0
14,Type.Defensor,36.323947407679434,1.8723367463010905,40.15190414783258,150.0
15,Type.Defensor,35.714375825998395,2.082098826788871,39.45129549257723,150.0
16,Type.Defensor,36.323947407679434,1.8723367463010905,40.15190414783258,150.0
17,Type.Defensor,36.23489113321872,1.8723367463010905,40.05295273176512,150.0
18,Type.Defensor,32.706318201267955,2.2761372362786925,36.08744941960009,150.0
19,Type.Defensor,35.12574277269193,2.2761372362786925,38.77569894340451,150.0
20,Type.Defensor,36.323947407679434,1.8723367463010905,40.15190414783258,150.0
21,Type.Defensor,35.12574277269193,2.2761372362786925,38.77569894340451,150.0
22,Type.Defensor,35.12574277269193,2.2761372362786925,38.77569894340451,150.0
23,Type.Defensor,36.323947407679434,1.8723367463010905,40.15190414783258,150.0
24,Type.Defensor,38.06251802283387,0.9682149527194748,42.18410725284658,150.0
25,Type.Defensor,36.23489113321872,1.8723367463010905,40.05295273176512,150.0
26,Type.Defensor,38.06251802283387,0.9682149527194748,42.18410725284658,150.0
27,Type.Defensor,36.23489113321872,1.8723367463010905,40.05295273176512,150.0
28,Type.Defensor,36.23489113321872,1.8723367463010905,40.05295273176512,150.0
29,Type.Defensor,36.23489113321872,1.8723367463010905,40.05295273176512,150.0
30,Type.Defensor,36.323947407679434,1.8723367463010905,40.15190414783258,150.0
31,Type.Defensor,36.323947407679434,1.8723367463010905,40.15190414783258,150.0
32,Type.Defensor,36.23489113321872,1.8723367463010905,40.05295273176512,150.0
33,Type.Defensor,36.323947407679434,1.8723367463010905,40.15190414783258,150.0
34,Type.Defensor,36.323947407679434,1.8723367463010905,40.15190414783258,150.0
35,Type.Defensor,36.323947407679434,1.8723367463010905,40.15190414783258,150.0
36,Type.Defensor,36.323947407679434,1.8723367463010905,40.15190414783258,150.0
37,Type.Defensor,38.06251802283387,0.9682149527194748,42.18410725284658,150.0
38,Type.Defensor,38.06251802283387,0.9682149527194748,42.18410725284658,150.0
39,Type.Defensor,36.23489113321872,1.8723367463010905,40.05295273176512,150.0
0,Type.Defensor,38.06251802283387,0.9682149527194748,42.18410725284658,150.0
1,Type.Defensor,36.23489113321872,1.8723367463010905,40.05295273176512,150.0
2,Type.Defensor,38.06251802283387,0.9682149527194748,42.18410725284658,150.0
3,Type.Defensor,36.323947407679434,1.8723367463010905,40.15190414783258,150.0
4,Type.Defensor,36.204602775351916,1.5694531676330488,40.05295273176512,150.0
5,Type.Defensor,36.323947407679434,1.8723367463010905,40.15190414783258,150.0
6,Type.Defensor,35.221912532432015,1.919079719623971,38.922227289410685,150.0
7,Type.Defensor,34.42718817863938,1.9292688450044533,38.03806810459882,150.0
8,Type.Defensor,36.323947407679434,1.8723367463010905,40.15190414783258,150.0
9,Type.Defensor,29.75188370462171,5.20398434613491,32.47942807778691,150.0
10,Type.Defensor,36.323947407679434,1.8723367463010905,40.15190414783258,150.0
11,Type.Defensor,38.06251802283387,0.9682149527194748,42.18410725284658,150.0
12,Type.Defensor,36.323947407679434,1.8723367463010905,40.15190414783258,150.0
13,Type.Defensor,36.32701574136915,1.8721955113754911,40.15532910025733,150.0
14,Type.Defensor,36.23489113321872,1.8723367463010905,40.05295273176512,150.0
15,Type.Defensor,35.12574277269193,2.2761372362786925,38.77569894340451,150.0
16,Type.Defensor,38.06251802283387,0.9682149527194748,42.18410725284658,150.0
17,Type.Defensor,36.323947407679434,1.8723367463010905,40.15190414783258,150.0
18,Type.Defensor,35.221912532432015,1.919079719623971,38.922227289410685,150.0
19,Type.Defensor,36.23489113321872,1.8723367463010905,40.05295273176512,150.0
20,Type.Defensor,36.323947407679434,1.8723367463010905,40.15190414783258,150.0
21,Type.Defensor,36.323947407679434,1.8723367463010905,40.15190414783258,150.0
22,Type.Defensor,36.323947407679434,1.8723367463010905,40.15190414783258,150.0
23,Type.Defensor,32.63218530939127,2.345521592670658,35.997370166804664,150.0
24,Type.Defensor,38.06251802283387,0.9682149527194748,42.18410725284658,150.0
25,Type.Defensor,38.06251802283387,0.9682149527194748,42.18410725284658,150.0
26,Type.Defensor,38.06251802283387,0.9682149527194748,42.18410725284658,150.0
27,Type.Defensor,36.40377611470105,0.9682149527194748,40.34106068825456,150.0
28,Type.Defensor,38.06251802283387,0.9682149527194748,42.18410725284658,150.0
29,Type.Defensor,36.323947407679434,1.8723367463010905,40.15190414783258,150.0
30,Type.Defensor,36.61886074598054,1.6584073598980733,40.50335556665637,150.0
31,Type.Defensor,36.323947407679434,1.8723367463010905,40.15190414783258,150.0
32,Type.Defensor,38.06251802283387,0.9682149527194748,42.18410725284658,150.0
33,Type.Defensor,38.06251802283387,0.9682149527194748,42.18410725284658,150.0
34,Type.Defensor,36.323947407679434,1.8723367463010905,40.15190414783258,150.0
35,Type.Defensor,36.61886074598054,1.6584073598980733,40.50335556665637,150.0
36,Type.Defensor,36.323947407679434,1.8723367463010905,40.15190414783258,150.0
37,Type.Defensor,37.1570652985527,1.201591443163674,41.15211794915148,150.0
38,Type.Defensor,36.40377611470105,0.9682149527194748,40.34106068825456,150.0
39,Type.Defensor,36.323947407679434,1.8723367463010905,40.15190414783258,150.0
0,Type.Defensor,36.61886074598054,1.6584073598980733,40.50335556665637,150.0
1,Type.Defensor,36.40377611470105,0.9682149527194748,40.34106068825456,150.0
2,Type.Defensor,34.90200810194702,2.0479916804372293,38.55245437100366,150.0
3,Type.Defensor,38.06251802283387,0.9682149527194748,42.18410725284658,150.0
4,Type.Defensor,36.23489113321872,1.8723367463010905,40.05295273176512,150.0
5,Type.Defensor,38.06251802283387,0.9682149527194748,42.18410725284658,150.0
6,Type.Defensor,36.314713464043386,1.8727617832997696,40.14159698412601,150.0
7,Type.Defensor,29.75188370462171,5.20398434613491,32.47942807778691,150.0
8,Type.Defensor,36.323947407679434,1.8723367463010905,40.15190414783258,150.0
9,Type.Defensor,36.40377611470105,0.9682149527194748,40.34106068825456,150.0
10,Type.Defensor,37.659222339236116,0.9773307419099839,41.73498807227235,150.0
11,Type.Defensor,38.06251802283387,0.9682149527194748,42.18410725284658,150.0
12,Type.Defensor,36.23489113321872,1.8723367463010905,40.05295273176512,150.0
13,Type.Defensor,36.63119187004295,1.6579092549247008,40.51711216061164,150.0
14,Type.Defensor,36.323947407679434,1.8723367463010905,40.15190414783258,150.0
15,Type.Defensor,38.06251802283387,0.9682149527194748,42.18410725284658,150.0
16,Type.Defensor,36.40377611470105,0.9682149527194748,40.34106068825456,150.0
17,Type.Defensor,34.3859125335353,1.961544192080442,37.98862012703028,150.0
18,Type.Defensor,38.06251802283387,0.9682149527194748,42.18410725284658,150.0
19,Type.Defensor,36.323947407679434,1.8723367463010905,40.15190414783258,150.0
20,Type.Defensor,38.06251802283387,0.9682149527194748,42.18410725284658,150.0
21,Type.Defensor,38.06251802283387,0.9682149527194748,42.18410725284658,150.0
22,Type.Defensor,36.61886074598054,1.6584073598980733,40.50335556665637,150.0
23,Type.Defensor,37.1570652985527,1.201591443163674,41.15211794915148,150.0
24,Type.Defensor,38.06251802283387,0.9682149527194748,42.18410725284658,150.0
25,Type.Defensor,38.06251802283387,0.9682149527194748,42.18410725284658,150.0
26,Type.Defensor,38.06251802283387,0.9682149527194748,42.18410725284658,150.0
27,Type.Defensor,38.06251802283387,0.9682149527194748,42.18410725284658,150.0
28,Type.Defensor,38.06251802283387,0.9682149527194748,42.18410725284658,150.0
29,Type.Defensor,38.06251802283387,0.9682149527194748,42.18410725284658,150.0
30,Type.Defensor,38.06251802283387,0.9682149527194748,42.18410725284658,150.0
31,Type.Defensor,38.06251802283387,0.9682149527194748,42.18410725284658,150.0
32,Type.Defensor,38.06251802283387,0.9682149527194748,42.18410725284658,150.0
33,Type.Defensor,38.06251802283387,0.9682149527194748,42.18410725284658,150.0
34,Type.Defensor,38.06251802283387,0.9682149527194748,42.18410725284658,150.0
35,Type.Defensor,38.06251802283387,0.9682149527194748,42.18410725284658,150.0
36,Type.Defensor,38.06251802283387,0.9682149527194748,42.18410725284658,150.0
37,Type.Defensor,38.06251802283387,0.9682149527194748,42.18410725284658,150.0
38,Type.Defensor,38.06251802283387,0.9682149527194748,42.18410725284658,150.0
39,Type.Defensor,38.06251802283387,0.9682149527194748,42.18410725284658,150.0
0,Type.Defensor,36.61886074598054,1.6584073598980733,40.50335556665637,150.0
1,Type.Defensor,38.06251802283387,0.9682149527194748,42.18410725284658,150.0
2,Type.Defensor,36.323947407679434,1.8723367463010905,40.15190414783258,150.0
3,Type.Defensor,38.06251802283387,0.9682149527194748,42.18410725284658,150.0
4,Type.Defensor,38.06251802283387,0.9682149527194748,42.18410725284658,150.0
5,Type.Defensor,34.90200810194702,2.0479916804372293,38.55245437100366,150.0
6,Type.Defensor,38.06251802283387,0.9682149527194748,42.18410725284658,150.0
7,Type.Defensor,38.06251802283387,0.9682149527194748,42.18410725284658,150.0
8,Type.Defensor,34.3859125335353,1.961544192080442,37.98862012703028,150.0
9,Type.Defensor,36.323947407679434,1.8723367463010905,40.15190414783258,150.0
10,Type.Defensor,38.06251802283387,0.9682149527194748,42.18410725284658,150.0
11,Type.Defensor,36.61886074598054,1.6584073598980733,40.50335556665637,150.0
12,Type.Defensor,26.563815297583805,7.668816629807893,28.66325959400335,150.0
13,Type.Defensor,34.3859125335353,1.961544192080442,37.98862012703028,150.0
14,Type.Defensor,38.06251802283387,0.9682149527194748,42.18410725284658,150.0
15,Type.Defensor,38.06251802283387,0.9682149527194748,42.18410725284658,150.0
16,Type.Defensor,38.06251802283387,0.9682149527194748,42.18410725284658,150.0
17,Type.Defensor,38.06251802283387,0.9682149527194748,42.18410725284658,150.0
18,Type.Defensor,38.06251802283387,0.9682149527194748,42.18410725284658,150.0
19,Type.Defensor,38.06251802283387,0.9682149527194748,42.18410725284658,150.0
20,Type.Defensor,36.23489113321872,1.8723367463010905,40.05295273176512,150.0
21,Type.Defensor,38.06251802283387,0.9682149527194748,42.18410725284658,150.0
22,Type.Defensor,34.90200810194702,2.0479916804372293,38.55245437100366,150.0
23,Type.Defensor,38.06251802283387,0.9682149527194748,42.18410725284658,150.0
24,Type.Defensor,38.06251802283387,0.9682149527194748,42.18410725284658,150.0
25,Type.Defensor,38.06251802283387,0.9682149527194748,42.18410725284658,150.0
26,Type.Defensor,38.06251802283387,0.9682149527194748,42.18410725284658,150.0
27,Type.Defensor,38.06251802283387,0.9682149527194748,42.18410725284658,150.0
28,Type.Defensor,38.06251802283387,0.9682149527194748,42.18410725284658,150.0
29,Type.Defensor,38.06251802283387,0.9682149527194748,42.18410725284658,150.0
30,Type.Defensor,38.06251802283387,0.9682149527194748,42.18410725284658,150.0
31,Type.Defensor,38.06251802283387,0.9682149527194748,42.18410725284658,150.0
32,Type.Defensor,38.06251802283387,0.9682149527194748,42.18410725284658,150.0
33,Type.Defensor,38.36386095144816,0.553048792111123,42.56506230248561,150.0
34,Type.Defensor,38.06251802283387,0.9682149527194748,42.18410725284658,150.0
35,Type.Defensor,38.06251802283387,0.9682149527194748,42.18410725284658,150.0
36,Type.Defensor,38.36386095144816,0.553048792111123,42.56506230248561,150.0
37,Type.Defensor,38.06251802283387,0.9682149527194748,42.18410725284658,150.0
38,Type.Defensor,38.06251802283387,0.9682149527194748,42.18410725284658,150.0
39,Type.Defensor,38.36386095144816,0.553048792111123,42.56506230248561,150.0
0,Type.Defensor,38.3684403615939,0.5522297916754215,42.570241536029286,150.0
1,Type.Defensor,38.06251802283387,0.9682149527194748,42.18410725284658,150.0
2,Type.Defensor,38.06251802283387,0.9682149527194748,42.18410725284658,150.0
3,Type.Defensor,38.06251802283387,0.9682149527194748,42.18410725284658,150.0
4,Type.Defensor,38.06251802283387,0.9682149527194748,42.18410725284658,150.0
5,Type.Defensor,34.3859125335353,1.961544192080442,37.98862012703028,150.0
6,Type.Defensor,38.06251802283387,0.9682149527194748,42.18410725284658,150.0
7,Type.Defensor,38.06251802283387,0.9682149527194748,42.18410725284658,150.0
8,Type.Defensor,36.323947407679434,1.8723367463010905,40.15190414783258,150.0
9,Type.Defensor,38.06251802283387,0.9682149527194748,42.18410725284658,150.0
10,Type.Defensor,38.06251802283387,0.9682149527194748,42.18410725284658,150.0
11,Type.Defensor,38.06251802283387,0.9682149527194748,42.18410725284658,150.0
12,Type.Defensor,38.06251802283387,0.9682149527194748,42.18410725284658,150.0
13,Type.Defensor,34.07961478764588,2.465086485554355,37.59234015454494,150.0
14,Type.Defensor,38.06983331520883,0.9680496034091072,42.19225372763102,150.0
15,Type.Defensor,38.36386095144816,0.553048792111123,42.56506230248561,150.0
16,Type.Defensor,38.06251802283387,0.9682149527194748,42.18410725284658,150.0
17,Type.Defensor,38.06251802283387,0.9682149527194748,42.18410725284658,150.0
18,Type.Defensor,38.06251802283387,0.9682149527194748,42.18410725284658,150.0
19,Type.Defensor,38.06251802283387,0.9682149527194748,42.18410725284658,150.0
20,Type.Defensor,38.06251802283387,0.9682149527194748,42.18410725284658,150.0
21,Type.Defensor,38.06251802283387,0.9682149527194748,42.18410725284658,150.0
22,Type.Defensor,36.376371707437826,1.6682024925619858,40.23283495353514,150.0
23,Type.Defensor,36.29379666946342,1.0081937862399408,40.2144192120438,150.0
24,Type.Defensor,38.06983331520883,0.9680496034091072,42.19225372763102,150.0
25,Type.Defensor,38.06983331520883,0.9680496034091072,42.19225372763102,150.0
26,Type.Defensor,38.3684403615939,0.5522297916754215,42.570241536029286,150.0
27,Type.Defensor,38.36386095144816,0.553048792111123,42.56506230248561,150.0
28,Type.Defensor,38.36386095144816,0.553048792111123,42.56506230248561,150.0
29,Type.Defensor,38.06251802283387,0.9682149527194748,42.18410725284658,150.0
30,Type.Defensor,38.06983331520883,0.9680496034091072,42.19225372763102,150.0
31,Type.Defensor,38.06251802283387,0.9682149527194748,42.18410725284658,150.0
32,Type.Defensor,38.06251802283387,0.9682149527194748,42.18410725284658,150.0
33,Type.Defensor,38.06251802283387,0.9682149527194748,42.18410725284658,150.0
34,Type.Defensor,38.06251802283387,0.9682149527194748,42.18410725284658,150.0
35,Type.Defensor,38.36386095144816,0.553048792111123,42.56506230248561,150.0
36,Type.Defensor,38.06251802283387,0.9682149527194748,42.18410725284658,150.0
37,Type.Defensor,38.3684403615939,0.5522297916754215,42.570241536029286,150.0
38,Type.Defensor,38.06983331520883,0.9680496034091072,42.19225372763102,150.0
39,Type.Defensor,38.36386095144816,0.553048792111123,42.56506230248561,150.0
0,Type.Defensor,38.06251802283387,0.9682149527194748,42.18410725284658,150.0
1,Type.Defensor,38.06983331520883,0.9680496034091072,42.19225372763102,150.0
2,Type.Defensor,37.2303410774001,0.9870248480699598,41.25737621399233,150.0
3,Type.Defensor,38.36386095144816,0.553048792111123,42.56506230248561,150.0
4,Type.Defensor,38.06251802283387,0.9682149527194748,42.18410725284658,150.0
5,Type.Defensor,36.45994175177716,1.3685345788669017,40.35898699321163,150.0
6,Type.Defensor,38.06251802283387,0.9682149527194748,42.18410725284658,150.0
7,Type.Defensor,38.06251802283387,0.9682149527194748,42.18410725284658,150.0
8,Type.Defensor,38.06251802283387,0.9682149527194748,42.18410725284658,150.0
9,Type.Defensor,38.06251802283387,0.9682149527194748,42.18410725284658,150.0
10,Type.Defensor,38.06251802283387,0.9682149527194748,42.18410725284658,150.0
11,Type.Defensor,36.323947407679434,1.8723367463010905,40.15190414783258,150.0
12,Type.Defensor,38.06251802283387,0.9682149527194748,42.18410725284658,150.0
13,Type.Defensor,38.06251802283387,0.9682149527194748,42.18410725284658,150.0
14,Type.Defensor,38.06251802283387,0.9682149527194748,42.18410725284658,150.0
15,Type.Defensor,38.06251802283387,0.9682149527194748,42.18410725284658,150.0
16,Type.Defensor,38.3684403615939,0.5522297916754215,42.570241536029286,150.0
17,Type.Defensor,38.06251802283387,0.9682149527194748,42.18410725284658,150.0
18,Type.Defensor,38.06251802283387,0.9682149527194748,42.18410725284658,150.0
19,Type.Defensor,38.36386095144816,0.553048792111123,42.56506230248561,150.0
20,Type.Defensor,38.3684403615939,0.5522297916754215,42.570241536029286,150.0
21,Type.Defensor,38.06983331520883,0.9680496034091072,42.19225372763102,150.0
22,Type.Defensor,38.06251802283387,0.9682149527194748,42.18410725284658,150.0
23,Type.Defensor,38.06251802283387,0.9682149527194748,42.18410725284658,150.0
24,Type.Defensor,38.3684403615939,0.5522297916754215,42.570241536029286,150.0
25,Type.Defensor,38.3684403615939,0.5522297916754215,42.570241536029286,150.0
26,Type.Defensor,38.3684403615939,0.5522297916754215,42.570241536029286,150.0
27,Type.Defensor,38.36386095144816,0.553048792111123,42.56506230248561,150.0
28,Type.Defensor,38.3684403615939,0.5522297916754215,42.570241536029286,150.0
29,Type.Defensor,38.36386095144816,0.553048792111123,42.56506230248561,150.0
30,Type.Defensor,38.36386095144816,0.553048792111123,42.56506230248561,150.0
31,Type.Defensor,38.36386095144816,0.553048792111123,42.56506230248561,150.0
32,Type.Defensor,38.06983331520883,0.9680496034091072,42.19225372763102,150.0
33,Type.Defensor,39.364357362595946,0.551065756030011,43.67694531888105,150.0
34,Type.Defensor,40.2495482312304,0.1313585151798439,44.70712486634712,150.0
35,Type.Defensor,39.364357362595946,0.551065756030011,43.67694531888105,150.0
36,Type.Defensor,38.3684403615939,0.5522297916754215,42.570241536029286,150.0
37,Type.Defensor,38.06983331520883,0.9680496034091072,42.19225372763102,150.0
38,Type.Defensor,40.2495482312304,0.1313585151798439,44.70712486634712,150.0
39,Type.Defensor,38.3684403615939,0.5522297916754215,42.570241536029286,150.0
ID,type,performance,attack,defense,itemPoints
0,Type.Defensor,14.144090965292113,17.665254908103947,13.75285052720191,150.0
1,Type.Defensor,8.447378270018108,17.342969451154328,7.458979249891861,150
2,Type.Defensor,15.795090841576988,16.536706543663943,15.71268909690066,150
3,Type.Defensor,25.899640441895794,6.62052989258098,28.041763836264106,150
4,Type.Defensor,14.144090965292113,17.665254908103947,13.75285052720191,150.0
5,Type.Defensor,8.447378270018108,17.342969451154328,7.458979249891861,150
6,Type.Defensor,11.24353524600732,15.634361719730588,10.755665637815845,150
7,Type.Defensor,3.9087131506634982,34.175640656372224,0.5457212055847509,150
8,Type.Defensor,2.6130150661604166,18.606766650160147,0.8359315568271134,150
9,Type.Defensor,3.9087131506634982,34.175640656372224,0.5457212055847509,150
10,Type.Defensor,7.914115806141899,26.3572693442921,5.86487652412521,150
11,Type.Defensor,14.144090965292113,17.665254908103947,13.75285052720191,150.0
12,Type.Defensor,27.022223428428845,0.4839791418791567,29.970917238045477,150
13,Type.Defensor,9.500720636751876,11.510722041169885,9.277387147372096,150
14,Type.Defensor,15.795090841576988,16.536706543663943,15.71268909690066,150
15,Type.Defensor,10.334905358401823,18.616654495368284,9.414711009849993,150
16,Type.Defensor,16.560856457130626,1.92430663875643,18.187139770283313,150
17,Type.Defensor,24.771196060142525,1.2311356529141213,27.38675832761235,150
18,Type.Defensor,8.286401547036295,9.909708847612308,8.106034069194516,150
19,Type.Defensor,9.157535344537107,27.81085845371886,7.084943887961357,150
20,Type.Defensor,13.418520029230818,13.105479084579034,13.453302356414348,150
21,Type.Defensor,26.071564095129034,1.6746652400687527,28.782330634580173,150
22,Type.Defensor,9.500720636751876,11.510722041169885,9.277387147372096,150
23,Type.Defensor,11.930297649552541,20.70249474149817,10.955609083780805,150.0
24,Type.Defensor,22.322381686086217,5.808250083772099,24.15728519745445,150
25,Type.Defensor,28.038758417849774,3.3785424053185777,30.77878241924213,150
26,Type.Defensor,34.71629300128585,1.3783226276554086,38.42051193168923,150
27,Type.Defensor,34.71629300128585,1.3783226276554086,38.42051193168923,150
28,Type.Defensor,25.899640441895794,6.62052989258098,28.041763836264106,150
29,Type.Defensor,26.071564095129034,1.6746652400687527,28.782330634580173,150
30,Type.Defensor,32.62271063421356,1.6970420382475973,36.058896033765336,150.0
31,Type.Defensor,27.022223428428845,0.4839791418791567,29.970917238045477,150
32,Type.Defensor,15.359543283953082,11.03520309665829,15.840025526985837,150
33,Type.Defensor,26.071564095129034,1.6746652400687527,28.782330634580173,150
34,Type.Defensor,28.038758417849774,3.3785424053185777,30.77878241924213,150
35,Type.Defensor,34.71629300128585,1.3783226276554086,38.42051193168923,150
36,Type.Defensor,20.003657785415076,3.9673221968573364,21.78547285081038,150
37,Type.Defensor,28.038758417849774,3.3785424053185777,30.77878241924213,150
38,Type.Defensor,22.322381686086217,5.808250083772099,24.15728519745445,150
39,Type.Defensor,28.897769610754196,4.549359583035514,31.603148502722938,150.0
0,Type.Defensor,28.897769610754196,4.549359583035514,31.603148502722938,150.0
1,Type.Defensor,3.9087131506634982,34.175640656372224,0.5457212055847509,150
2,Type.Defensor,15.359543283953082,11.03520309665829,15.840025526985837,150
3,Type.Defensor,22.322381686086217,5.808250083772099,24.15728519745445,150
4,Type.Defensor,12.73820937005334,10.586855274267563,12.977248714029537,150.0
5,Type.Defensor,27.022223428428845,0.4839791418791567,29.970917238045477,150
6,Type.Defensor,9.500720636751876,11.510722041169885,9.277387147372096,150
7,Type.Defensor,10.334905358401823,18.616654495368284,9.414711009849993,150
8,Type.Defensor,14.144090965292113,17.665254908103947,13.75285052720191,150.0
9,Type.Defensor,25.503858263990697,1.7072457717125096,28.147926318688274,150
10,Type.Defensor,32.62271063421356,1.6970420382475973,36.058896033765336,150.0
11,Type.Defensor,15.359543283953082,11.03520309665829,15.840025526985837,150
12,Type.Defensor,25.899640441895794,6.62052989258098,28.041763836264106,150
13,Type.Defensor,12.73820937005334,10.586855274267563,12.977248714029537,150.0
14,Type.Defensor,34.71629300128585,1.3783226276554086,38.42051193168923,150
15,Type.Defensor,27.92178603766957,3.5159360675485907,30.63354714546079,150.0
16,Type.Defensor,25.899640441895794,6.62052989258098,28.041763836264106,150
17,Type.Defensor,13.418520029230818,13.105479084579034,13.453302356414348,150
18,Type.Defensor,20.003657785415076,3.9673221968573364,21.78547285081038,150
19,Type.Defensor,22.322381686086217,5.808250083772099,24.15728519745445,150
20,Type.Defensor,34.71629300128585,1.3783226276554086,38.42051193168923,150
21,Type.Defensor,25.503858263990697,1.7072457717125096,28.147926318688274,150
22,Type.Defensor,28.038758417849774,3.3785424053185777,30.77878241924213,150
23,Type.Defensor,33.14625828719843,1.3832110463284921,36.6754857584062,150.0
24,Type.Defensor,28.897769610754196,4.549359583035514,31.603148502722938,150.0
25,Type.Defensor,33.14625828719843,1.3832110463284921,36.6754857584062,150.0
26,Type.Defensor,27.022223428428845,0.4839791418791567,29.970917238045477,150
27,Type.Defensor,34.71629300128585,1.3783226276554086,38.42051193168923,150
28,Type.Defensor,34.71629300128585,1.3783226276554086,38.42051193168923,150
29,Type.Defensor,28.038758417849774,3.3785424053185777,30.77878241924213,150
30,Type.Defensor,34.71629300128585,1.3783226276554086,38.42051193168923,150
31,Type.Defensor,34.71629300128585,1.3783226276554086,38.42051193168923,150
32,Type.Defensor,34.71629300128585,1.3783226276554086,38.42051193168923,150
33,Type.Defensor,34.71629300128585,1.3783226276554086,38.42051193168923,150
34,Type.Defensor,34.71629300128585,1.3783226276554086,38.42051193168923,150
35,Type.Defensor,27.92178603766957,3.5159360675485907,30.63354714546079,150.0
36,Type.Defensor,27.022223428428845,0.4839791418791567,29.970917238045477,150
37,Type.Defensor,34.71629300128585,1.3783226276554086,38.42051193168923,150
38,Type.Defensor,34.71629300128585,1.3783226276554086,38.42051193168923,150
39,Type.Defensor,34.71629300128585,1.3783226276554086,38.42051193168923,150
0,Type.Defensor,27.92178603766957,3.5159360675485907,30.63354714546079,150.0
1,Type.Defensor,20.003657785415076,3.9673221968573364,21.78547285081038,150
2,Type.Defensor,27.811047820147216,5.229779533792332,30.320077629742205,150.0
3,Type.Defensor,34.71629300128585,1.3783226276554086,38.42051193168923,150
4,Type.Defensor,37.74443118909114,1.2773094125969349,41.7963336087016,150
5,Type.Defensor,12.73820937005334,10.586855274267563,12.977248714029537,150.0
6,Type.Defensor,34.71629300128585,1.3783226276554086,38.42051193168923,150
7,Type.Defensor,34.71629300128585,1.3783226276554086,38.42051193168923,150
8,Type.Defensor,28.897769610754196,4.549359583035514,31.603148502722938,150.0
9,Type.Defensor,34.71629300128585,1.3783226276554086,38.42051193168923,150
10,Type.Defensor,37.74443118909114,1.2773094125969349,41.7963336087016,150
11,Type.Defensor,34.71629300128585,1.3783226276554086,38.42051193168923,150
12,Type.Defensor,34.71629300128585,1.3783226276554086,38.42051193168923,150
13,Type.Defensor,34.71629300128585,1.3783226276554086,38.42051193168923,150
14,Type.Defensor,24.77062160101284,2.462131435271083,27.249342730539702,150.0
15,Type.Defensor,34.71629300128585,1.3783226276554086,38.42051193168923,150
16,Type.Defensor,34.17241811034257,1.7725443867424415,37.77240407963147,150.0
17,Type.Defensor,34.71629300128585,1.3783226276554086,38.42051193168923,150
18,Type.Defensor,34.71629300128585,1.3783226276554086,38.42051193168923,150
19,Type.Defensor,34.71629300128585,1.3783226276554086,38.42051193168923,150
20,Type.Defensor,25.503858263990697,1.7072457717125096,28.147926318688274,150
21,Type.Defensor,34.71629300128585,1.3783226276554086,38.42051193168923,150
22,Type.Defensor,34.71629300128585,1.3783226276554086,38.42051193168923,150
23,Type.Defensor,13.418520029230818,13.105479084579034,13.453302356414348,150
24,Type.Defensor,34.71629300128585,1.3783226276554086,38.42051193168923,150
25,Type.Defensor,34.71629300128585,1.3783226276554086,38.42051193168923,150
26,Type.Defensor,34.71629300128585,1.3783226276554086,38.42051193168923,150
27,Type.Defensor,37.74443118909114,1.2773094125969349,41.7963336087016,150
28,Type.Defensor,37.74443118909114,1.2773094125969349,41.7963336087016,150
29,Type.Defensor,34.71629300128585,1.3783226276554086,38.42051193168923,150
30,Type.Defensor,34.71629300128585,1.3783226276554086,38.42051193168923,150
31,Type.Defensor,37.74443118909114,1.2773094125969349,41.7963336087016,150
32,Type.Defensor,34.71629300128585,1.3783226276554086,38.42051193168923,150
33,Type.Defensor,37.74443118909114,1.2773094125969349,41.7963336087016,150
34,Type.Defensor,37.74443118909114,1.2773094125969349,41.7963336087016,150
35,Type.Defensor,34.71629300128585,1.3783226276554086,38.42051193168923,150
36,Type.Defensor,34.71629300128585,1.3783226276554086,38.42051193168923,150
37,Type.Defensor,37.74443118909114,1.2773094125969349,41.7963336087016,150
38,Type.Defensor,34.71629300128585,1.3783226276554086,38.42051193168923,150
39,Type.Defensor,34.71629300128585,1.3783226276554086,38.42051193168923,150
0,Type.Defensor,34.200682520108394,1.422664015328346,37.84268457619506,150.0
1,Type.Defensor,34.71629300128585,1.3783226276554086,38.42051193168923,150
2,Type.Defensor,34.71629300128585,1.3783226276554086,38.42051193168923,150
3,Type.Defensor,34.71629300128585,1.3783226276554086,38.42051193168923,150
4,Type.Defensor,34.71629300128585,1.3783226276554086,38.42051193168923,150
5,Type.Defensor,33.80557758373765,1.4087024474074714,37.405230376663226,150
6,Type.Defensor,48.88167317881011,0.9447447697969443,54.207998557589356,150.0
7,Type.Defensor,28.897769610754196,4.549359583035514,31.603148502722938,150.0
8,Type.Defensor,12.73820937005334,10.586855274267563,12.977248714029537,150.0
9,Type.Defensor,34.71629300128585,1.3783226276554086,38.42051193168923,150
10,Type.Defensor,34.71629300128585,1.3783226276554086,38.42051193168923,150
11,Type.Defensor,37.74443118909114,1.2773094125969349,41.7963336087016,150
12,Type.Defensor,35.76654815827053,1.581186946144909,39.56492162628449,150.0
13,Type.Defensor,27.92178603766957,3.5159360675485907,30.63354714546079,150.0
14,Type.Defensor,37.74443118909114,1.2773094125969349,41.7963336087016,150
15,Type.Defensor,28.897769610754196,4.549359583035514,31.603148502722938,150.0
16,Type.Defensor,28.594998155622108,5.287099931576872,31.184764624960465,150.0
17,Type.Defensor,34.71629300128585,1.3783226276554086,38.42051193168923,150
18,Type.Defensor,34.71629300128585,1.3783226276554086,38.42051193168923,150
19,Type.Defensor,34.17241811034257,1.7725443867424415,37.77240407963147,150.0
20,Type.Defensor,37.74443118909114,1.2773094125969349,41.7963336087016,150
21,Type.Defensor,37.74443118909114,1.2773094125969349,41.7963336087016,150
22,Type.Defensor,28.594998155622108,5.287099931576872,31.184764624960465,150.0
23,Type.Defensor,37.816598256244255,1.9989800841280942,41.7963336087016,150.0
24,Type.Defensor,37.74443118909114,1.2773094125969349,41.7963336087016,150
25,Type.Defensor,37.816598256244255,1.9989800841280942,41.7963336087016,150.0
26,Type.Defensor,34.71629300128585,1.3783226276554086,38.42051193168923,150
27,Type.Defensor,37.74443118909114,1.2773094125969349,41.7963336087016,150
28,Type.Defensor,37.74443118909114,1.2773094125969349,41.7963336087016,150
29,Type.Defensor,35.76654815827053,1.581186946144909,39.56492162628449,150.0
30,Type.Defensor,34.71629300128585,1.3783226276554086,38.42051193168923,150
31,Type.Defensor,34.71629300128585,1.3783226276554086,38.42051193168923,150
32,Type.Defensor,37.74443118909114,1.2773094125969349,41.7963336087016,150
33,Type.Defensor,34.71629300128585,1.3783226276554086,38.42051193168923,150
34,Type.Defensor,37.816598256244255,1.9989800841280942,41.7963336087016,150.0
35,Type.Defensor,37.74443118909114,1.2773094125969349,41.7963336087016,150
36,Type.Defensor,37.74443118909114,1.2773094125969349,41.7963336087016,150
37,Type.Defensor,37.74443118909114,1.2773094125969349,41.7963336087016,150
38,Type.Defensor,37.74443118909114,1.2773094125969349,41.7963336087016,150
39,Type.Defensor,37.74443118909114,1.2773094125969349,41.7963336087016,150
